asset,zone,base_start,base_end,outer_start,outer_end,price_low,price_high,regime_state_at_anchor,regime_multiplier_b4,b4_price_low_unconditional,b4_price_high_unconditional,b4_price_low_regime_adjusted,b4_price_high_regime_adjusted,multiplier_source,anchor_event,anchor_price,observed_c4_top_price,observed_c4_top_date,compression_fit_used,support_band_low,support_band_high,cross_check_ok,cross_check_rel_diff,compression_fit_note
eth,bottom,2026-06-27,2026-09-13,2026-05-19,2026-10-21,1153.8180,2092.4744,normal,1.000000,1153.8180,2092.4744,1153.8180,2092.4744,fallback_to_1.0,BTC ratio-of-ratios B4,1679.5389,4831.3486,2025-08-22,naive_median_own_dd,,,,,"B4 (post-C4-top bear bottom). Timing: BTC B4 2026-10-22 + alt lag (n=2, median=-78d). Price: mode=btc_ratio_of_ratios; ETH per-cycle (pre,post): [C2:pre=$7.33,post=$84.31, C3:pre=$84.31,post=$993.64, C4:pre=$1.1k,post=NA]. BTC per-cycle (pre,post): [C1:pre=$2.15,post=$171.41, C2:pre=$171.00,post=$3.2k, C3:pre=$3.1k,post=$15.8k, C4:pre=$15.7k,post=NA]. Per-cycle ratios (ETH/BTC): C2: 11.50/18.59=0.619, C3: 11.79/5.05=2.334. Using ror at C2 = 0.619. BTC B4/B3 ratio = 2.73x (band 1.88x-3.40x from next_cycle_zones.csv). ETH B4 = ETH_C3 ($993.64) * 2.73 * 0.619 = $1.7k (band $1.2k - $2.1k).."
eth,accumulation,2026-11-04,2028-04-01,2026-10-22,2028-04-01,,,,,,,,,,H5,,4831.3486,2025-08-22,naive_median_own_dd,,,,,"acc: starts after B4 event; price-free (entry price = B4 zone). mode=naive_median_own_dd; n_dds=2 (>= 2), n_mults=3 (>= 2). Asset's own drawdowns=[0.940, 0.794] and multipliers=[190.508, 57.077, 4.391] used directly (no borrowed BTC shape, no power-law extrapolation). Anchor: own observed C4 top 2025-08-22 @ $4.8k. Drawdown median=0.867 (band 0.794-0.940) -> B4 center=$644.65 (band $291.69 - $997.61). Multiplier median=57.08 (band 4.39-190.51) -> C5 center=$36.8k (band $1.3k - $190.1k). B5 (post-C5 bottom)=$4.9k (band $77.34 - $39.2k)."
eth,top,2029-08-31,2029-10-02,2029-08-03,2029-10-06,1280.9473,190052.9559,,,,,,,,naive_median_own_dd,644.6524,,,naive_median_own_dd,,,None,nan,"mode=naive_median_own_dd; n_dds=2 (>= 2), n_mults=3 (>= 2). Asset's own drawdowns=[0.940, 0.794] and multipliers=[190.508, 57.077, 4.391] used directly (no borrowed BTC shape, no power-law extrapolation). Anchor: own observed C4 top 2025-08-22 @ $4.8k. Drawdown median=0.867 (band 0.794-0.940) -> B4 center=$644.65 (band $291.69 - $997.61). Multiplier median=57.08 (band 4.39-190.51) -> C5 center=$36.8k (band $1.3k - $190.1k). B5 (post-C5 bottom)=$4.9k (band $77.34 - $39.2k)."
eth,b5_bottom,2030-06-06,2030-08-01,2030-03-13,2030-09-06,170.9183,25358.9825,,,,,,,,dd_x_c5top,86.0167,,,naive_median_own_dd,,,None,nan,"exit: mode=naive_median_own_dd; n_dds=2 (>= 2), n_mults=3 (>= 2). Asset's own drawdowns=[0.940, 0.794] and multipliers=[190.508, 57.077, 4.391] used directly (no borrowed BTC shape, no power-law extrapolation). Anchor: own observed C4 top 2025-08-22 @ $4.8k. Drawdown median=0.867 (band 0.794-0.940) -> B4 center=$644.65 (band $291.69 - $997.61). Multiplier median=57.08 (band 4.39-190.51) -> C5 center=$36.8k (band $1.3k - $190.1k). B5 (post-C5 bottom)=$4.9k (band $77.34 - $39.2k)."
xrp,bottom,2026-03-20,2026-07-18,2026-01-19,2026-09-16,0.7761,0.9113,normal,1.000000,0.7761,0.9113,0.7761,0.9113,fallback_to_1.0,Stage 1 ratio-path B4,0.8437,3.5558,2025-07-21,borrowed_2_stage_from_BTC,,,,,"B4 (post-C4-top bear bottom). Timing: BTC B4 2026-10-22 + alt lag (n=1, median=-156d). Price: Stage 1 ratio-path (band $0.78 - $0.91); drawdown cross-check: drawdowns src=BTC (fallback) (n=3); dd_min=0.767 dd_max=0.849 dd_med=0.834. Anchor=[observed C4 top 2025-07-21 @ $3.56] x (1 - dd_proj)."
xrp,accumulation,2027-06-12,2028-04-01,2026-10-21,2028-04-01,,,,,,,,,,H5,,3.5558,2025-07-21,borrowed_2_stage_from_BTC,,,,,"acc: starts after B4 event; price-free (entry price = B4 zone). mode=borrowed_2_stage_from_BTC; Insufficient own history: n_own_bear_bottoms=3 (< 4 for Stage 1 ratio fit), n_own_mults=2 (< 3 for Stage 2 power-law fit). Borrowed relative shape from BTC (drawdowns=[0.848579, 0.834293, 0.766634], mults=[526.516279, 112.20924, 21.639654]). Anchor: own observed C4 top 2025-07-21 @ $3.56. Projected drawdown at C4 = 0.763 -> B4 = $0.84 (band $0.78 - $0.91). Projected C5 multiplier = 6.17 -> C5 top = $5.21 (band $3.28 - $8.21). B5 (post-C5 bottom) = $1.31 (band $0.50 - $2.89)."
xrp,top,2029-04-03,2029-06-02,2029-03-05,2029-07-02,3.2832,8.2056,,,,,,,,projected_B4_via_drawdown,0.8437,,,borrowed_2_stage_from_BTC,,,None,nan,"mode=borrowed_2_stage_from_BTC; Insufficient own history: n_own_bear_bottoms=3 (< 4 for Stage 1 ratio fit), n_own_mults=2 (< 3 for Stage 2 power-law fit). Borrowed relative shape from BTC (drawdowns=[0.848579, 0.834293, 0.766634], mults=[526.516279, 112.20924, 21.639654]). Anchor: own observed C4 top 2025-07-21 @ $3.56. Projected drawdown at C4 = 0.763 -> B4 = $0.84 (band $0.78 - $0.91). Projected C5 multiplier = 6.17 -> C5 top = $5.21 (band $3.28 - $8.21). B5 (post-C5 bottom) = $1.31 (band $0.50 - $2.89)."
xrp,b5_bottom,2030-07-07,2030-07-07,2030-05-09,2030-09-05,0.7790,1.9470,,,,,,,,dd_x_c5top,0.2002,,,borrowed_2_stage_from_BTC,,,None,nan,"exit: mode=borrowed_2_stage_from_BTC; Insufficient own history: n_own_bear_bottoms=3 (< 4 for Stage 1 ratio fit), n_own_mults=2 (< 3 for Stage 2 power-law fit). Borrowed relative shape from BTC (drawdowns=[0.848579, 0.834293, 0.766634], mults=[526.516279, 112.20924, 21.639654]). Anchor: own observed C4 top 2025-07-21 @ $3.56. Projected drawdown at C4 = 0.763 -> B4 = $0.84 (band $0.78 - $0.91). Projected C5 multiplier = 6.17 -> C5 top = $5.21 (band $3.28 - $8.21). B5 (post-C5 bottom) = $1.31 (band $0.50 - $2.89)."
sol,bottom,2026-09-30,2027-01-28,2026-08-01,2027-03-29,57.1589,67.1153,normal,1.000000,57.1589,67.1153,57.1589,67.1153,fallback_to_1.0,Stage 1 ratio-path B4,62.1371,261.8698,2025-01-18,borrowed_2_stage_from_BTC,,,,,"B4 (post-C4-top bear bottom). Timing: BTC B4 2026-10-22 + alt lag (n=1, median=+38d). Price: Stage 1 ratio-path (band $57.16 - $67.12); drawdown cross-check: drawdowns src=BTC (fallback) (n=3); dd_min=0.767 dd_max=0.849 dd_med=0.834. Anchor=[observed C4 top 2025-01-18 @ $261.87] x (1 - dd_proj)."
sol,accumulation,2027-08-06,2028-04-01,2027-03-30,2028-04-01,,,,,,,,,,H5,,261.8698,2025-01-18,borrowed_2_stage_from_BTC,,,,,"acc: starts after B4 event; price-free (entry price = B4 zone). mode=borrowed_2_stage_from_BTC; Insufficient own history: n_own_bear_bottoms=2 (< 4 for Stage 1 ratio fit), n_own_mults=2 (< 3 for Stage 2 power-law fit). Borrowed relative shape from BTC (drawdowns=[0.848579, 0.834293, 0.766634], mults=[526.516279, 112.20924, 21.639654]). Anchor: own observed C4 top 2025-01-18 @ $261.87. Projected drawdown at C4 = 0.763 -> B4 = $62.14 (band $57.16 - $67.12). Projected C5 multiplier = 6.17 -> C5 top = $383.49 (band $241.79 - $604.31). B5 (post-C5 bottom) = $96.50 (band $36.66 - $212.50)."
sol,top,2029-03-07,2029-07-21,2028-12-30,2029-09-27,241.7950,604.3112,,,,,,,,projected_B4_via_drawdown,62.1371,,,borrowed_2_stage_from_BTC,,,None,nan,"mode=borrowed_2_stage_from_BTC; Insufficient own history: n_own_bear_bottoms=2 (< 4 for Stage 1 ratio fit), n_own_mults=2 (< 3 for Stage 2 power-law fit). Borrowed relative shape from BTC (drawdowns=[0.848579, 0.834293, 0.766634], mults=[526.516279, 112.20924, 21.639654]). Anchor: own observed C4 top 2025-01-18 @ $261.87. Projected drawdown at C4 = 0.763 -> B4 = $62.14 (band $57.16 - $67.12). Projected C5 multiplier = 6.17 -> C5 top = $383.49 (band $241.79 - $604.31). B5 (post-C5 bottom) = $96.50 (band $36.66 - $212.50)."
sol,b5_bottom,2030-07-06,2030-07-06,2030-02-21,2030-11-19,57.3737,143.3924,,,,,,,,dd_x_c5top,14.7440,,,borrowed_2_stage_from_BTC,,,None,nan,"exit: mode=borrowed_2_stage_from_BTC; Insufficient own history: n_own_bear_bottoms=2 (< 4 for Stage 1 ratio fit), n_own_mults=2 (< 3 for Stage 2 power-law fit). Borrowed relative shape from BTC (drawdowns=[0.848579, 0.834293, 0.766634], mults=[526.516279, 112.20924, 21.639654]). Anchor: own observed C4 top 2025-01-18 @ $261.87. Projected drawdown at C4 = 0.763 -> B4 = $62.14 (band $57.16 - $67.12). Projected C5 multiplier = 6.17 -> C5 top = $383.49 (band $241.79 - $604.31). B5 (post-C5 bottom) = $96.50 (band $36.66 - $212.50)."
mstr,bottom,2026-09-30,2027-01-28,2026-08-01,2027-03-29,103.4239,121.4392,normal,1.000000,103.4239,121.4392,103.4239,121.4392,fallback_to_1.0,Stage 1 ratio-path B4,112.4315,473.8300,2024-11-20,borrowed_2_stage_from_BTC,,,,,"B4 (post-C4-top bear bottom). Timing: BTC B4 2026-10-22 + alt lag (n=1, median=+38d). Price: Stage 1 ratio-path (band $103.42 - $121.44); drawdown cross-check: drawdowns src=BTC (fallback) (n=3); dd_min=0.767 dd_max=0.849 dd_med=0.834. Anchor=[observed C4 top 2024-11-20 @ $473.83] x (1 - dd_proj)."
mstr,accumulation,2027-07-10,2028-04-01,2027-03-30,2028-04-01,,,,,,,,,,H5,,473.8300,2024-11-20,borrowed_2_stage_from_BTC,,,,,"acc: starts after B4 event; price-free (entry price = B4 zone). mode=borrowed_2_stage_from_BTC; Insufficient own history: n_own_bear_bottoms=2 (< 4 for Stage 1 ratio fit), n_own_mults=2 (< 3 for Stage 2 power-law fit). Borrowed relative shape from BTC (drawdowns=[0.848579, 0.834293, 0.766634], mults=[526.516279, 112.20924, 21.639654]). Anchor: own observed C4 top 2024-11-20 @ $473.83. Projected drawdown at C4 = 0.763 -> B4 = $112.43 (band $103.42 - $121.44). Projected C5 multiplier = 6.17 -> C5 top = $693.89 (band $437.51 - $1.1k). B5 (post-C5 bottom) = $174.61 (band $66.34 - $384.49)."
mstr,top,2028-11-16,2028-12-16,2028-11-01,2028-12-31,437.5064,1093.4472,,,,,,,,projected_B4_via_drawdown,112.4315,,,borrowed_2_stage_from_BTC,,,None,nan,"mode=borrowed_2_stage_from_BTC; Insufficient own history: n_own_bear_bottoms=2 (< 4 for Stage 1 ratio fit), n_own_mults=2 (< 3 for Stage 2 power-law fit). Borrowed relative shape from BTC (drawdowns=[0.848579, 0.834293, 0.766634], mults=[526.516279, 112.20924, 21.639654]). Anchor: own observed C4 top 2024-11-20 @ $473.83. Projected drawdown at C4 = 0.763 -> B4 = $112.43 (band $103.42 - $121.44). Projected C5 multiplier = 6.17 -> C5 top = $693.89 (band $437.51 - $1.1k). B5 (post-C5 bottom) = $174.61 (band $66.34 - $384.49)."
mstr,b5_bottom,2030-10-20,2030-10-20,2030-09-20,2030-11-19,103.8126,259.4558,,,,,,,,dd_x_c5top,26.6780,,,borrowed_2_stage_from_BTC,,,None,nan,"exit: mode=borrowed_2_stage_from_BTC; Insufficient own history: n_own_bear_bottoms=2 (< 4 for Stage 1 ratio fit), n_own_mults=2 (< 3 for Stage 2 power-law fit). Borrowed relative shape from BTC (drawdowns=[0.848579, 0.834293, 0.766634], mults=[526.516279, 112.20924, 21.639654]). Anchor: own observed C4 top 2024-11-20 @ $473.83. Projected drawdown at C4 = 0.763 -> B4 = $112.43 (band $103.42 - $121.44). Projected C5 multiplier = 6.17 -> C5 top = $693.89 (band $437.51 - $1.1k). B5 (post-C5 bottom) = $174.61 (band $66.34 - $384.49)."
wgmi,bottom,2027-04-10,2027-11-07,2026-11-28,2028-01-24,15.7374,18.4787,normal,1.000000,15.7374,18.4787,15.7374,18.4787,fallback_to_1.0,Stage 1 ratio-path B4,17.1081,72.1000,2026-06-18,borrowed_2_stage_from_BTC,,,,,"B4 (post-C4-top bear bottom). Timing: BTC B4 2026-10-22 + alt lag (n=3, median=+303d). Price: Stage 1 ratio-path (band $15.74 - $18.48); drawdown cross-check: drawdowns src=own (n=3); dd_min=0.861 dd_max=0.988 dd_med=0.959. Anchor=[observed C4 top 2026-06-18 @ $72.10] x (1 - dd_proj)."
wgmi,accumulation,2028-01-25,2028-04-01,2028-01-25,2028-04-01,,,,,,,,,,H5,,72.1000,2026-06-18,borrowed_2_stage_from_BTC,,,,,"acc: starts after B4 event; price-free (entry price = B4 zone). mode=borrowed_2_stage_from_BTC; Insufficient own history: n_own_bear_bottoms=1 (< 4 for Stage 1 ratio fit), n_own_mults=1 (< 3 for Stage 2 power-law fit). Borrowed relative shape from BTC (drawdowns=[0.848579, 0.834293, 0.766634], mults=[526.516279, 112.20924, 21.639654]). Anchor: own observed C4 top 2026-06-18 @ $72.10. Projected drawdown at C4 = 0.763 -> B4 = $17.11 (band $15.74 - $18.48). Projected C5 multiplier = 6.17 -> C5 top = $105.58 (band $66.57 - $166.38). B5 (post-C5 bottom) = $26.57 (band $10.09 - $58.51)."
wgmi,top,2029-07-05,2030-05-04,2028-10-18,2030-05-30,66.5729,166.3836,,,,,,,,projected_B4_via_drawdown,17.1081,,,borrowed_2_stage_from_BTC,,,None,nan,"mode=borrowed_2_stage_from_BTC; Insufficient own history: n_own_bear_bottoms=1 (< 4 for Stage 1 ratio fit), n_own_mults=1 (< 3 for Stage 2 power-law fit). Borrowed relative shape from BTC (drawdowns=[0.848579, 0.834293, 0.766634], mults=[526.516279, 112.20924, 21.639654]). Anchor: own observed C4 top 2026-06-18 @ $72.10. Projected drawdown at C4 = 0.763 -> B4 = $17.11 (band $15.74 - $18.48). Projected C5 multiplier = 6.17 -> C5 top = $105.58 (band $66.57 - $166.38). B5 (post-C5 bottom) = $26.57 (band $10.09 - $58.51)."
wgmi,b5_bottom,2031-01-16,2032-03-03,2030-05-31,2034-04-12,15.7966,39.4799,,,,,,,,dd_x_c5top,4.0594,,,borrowed_2_stage_from_BTC,,,None,nan,"exit: mode=borrowed_2_stage_from_BTC; Insufficient own history: n_own_bear_bottoms=1 (< 4 for Stage 1 ratio fit), n_own_mults=1 (< 3 for Stage 2 power-law fit). Borrowed relative shape from BTC (drawdowns=[0.848579, 0.834293, 0.766634], mults=[526.516279, 112.20924, 21.639654]). Anchor: own observed C4 top 2026-06-18 @ $72.10. Projected drawdown at C4 = 0.763 -> B4 = $17.11 (band $15.74 - $18.48). Projected C5 multiplier = 6.17 -> C5 top = $105.58 (band $66.57 - $166.38). B5 (post-C5 bottom) = $26.57 (band $10.09 - $58.51)."
spx,bottom,2027-04-16,2027-12-24,2026-09-12,2028-01-29,4750.6701,5977.0921,normal,1.000000,4750.6701,5977.0921,4750.6701,5977.0921,fallback_to_1.0,Stage 1 ratio-path B4,5219.7489,7798.9902,2026-08-13,macro_2_stage_own_shape,,,,,"B4 (post-C4-top bear bottom). Timing: BTC B4 2026-10-22 + alt lag (n=3, median=+393d). Price: Stage 1 ratio-path (band $4.8k - $6.0k); drawdown cross-check: drawdowns src=own (n=3); dd_min=0.142 dd_max=0.261 dd_med=0.254. Anchor=[observed C4 top 2026-08-13 @ $7.8k] x (1 - dd_proj)."
spx,accumulation,2028-01-30,2028-04-01,2028-01-30,2028-04-01,,,,,,,,,,H5,,7798.9902,2026-08-13,macro_2_stage_own_shape,,,,,"acc: starts after B4 event; price-free (entry price = B4 zone). mode=macro_2_stage_own_shape; macro assets (SPX/NDX/DXY/TLT) DO pivot around BTC halvings (I-19 revision; see docs/blockers/I-19-macro-2stage.md). Anchor = own observed C4 top 2026-08-13 @ $7.8k; shape fit on macro's own series (dds=[0.142, 0.261, 0.254] n=3, mults=[1.938, 1.654, 2.144, 2.097] n=4). Projected drawdown at C4 = 0.331 -> B4 = $5.2k (band $4.8k - $6.0k). Projected C5 multiplier = 2.09 -> C5 top = $10.9k (band $8.2k - $14.2k)."
spx,top,2030-05-25,2030-11-13,2029-11-24,2031-04-18,8195.8801,14210.8128,,,,,,,,projected_B4_via_drawdown,5219.7489,,,macro_2_stage_own_shape,,,None,nan,"mode=macro_2_stage_own_shape; macro assets (SPX/NDX/DXY/TLT) DO pivot around BTC halvings (I-19 revision; see docs/blockers/I-19-macro-2stage.md). Anchor = own observed C4 top 2026-08-13 @ $7.8k; shape fit on macro's own series (dds=[0.142, 0.261, 0.254] n=3, mults=[1.938, 1.654, 2.144, 2.097] n=4). Projected drawdown at C4 = 0.331 -> B4 = $5.2k (band $4.8k - $6.0k). Projected C5 multiplier = 2.09 -> C5 top = $10.9k (band $8.2k - $14.2k)."
spx,b5_bottom,2031-05-03,2031-05-24,2031-04-19,2032-10-21,5485.3814,9511.0869,,,,,,,,dd_x_c5top,3493.5007,,,macro_2_stage_own_shape,,,None,nan,"exit: mode=macro_2_stage_own_shape; macro assets (SPX/NDX/DXY/TLT) DO pivot around BTC halvings (I-19 revision; see docs/blockers/I-19-macro-2stage.md). Anchor = own observed C4 top 2026-08-13 @ $7.8k; shape fit on macro's own series (dds=[0.142, 0.261, 0.254] n=3, mults=[1.938, 1.654, 2.144, 2.097] n=4). Projected drawdown at C4 = 0.331 -> B4 = $5.2k (band $4.8k - $6.0k). Projected C5 multiplier = 2.09 -> C5 top = $10.9k (band $8.2k - $14.2k)."
ndx,bottom,2027-05-24,2027-12-22,2026-11-28,2028-01-26,14304.7918,27594.5396,normal,1.000000,14304.7918,27594.5396,14304.7918,27594.5396,computed,Stage 1 ratio-path B4,20932.4403,30660.5996,2026-06-02,macro_2_stage_own_shape,,,,,"B4 (post-C4-top bear bottom). Timing: BTC B4 2026-10-22 + alt lag (n=3, median=+391d). Price: Stage 1 ratio-path (band $14.3k - $27.6k); drawdown cross-check: drawdowns src=own (n=3); dd_min=0.128 dd_max=0.356 dd_med=0.156. Anchor=[observed C4 top 2026-06-02 @ $30.7k] x (1 - dd_proj)."
ndx,accumulation,2028-01-27,2028-04-01,2028-01-27,2028-04-01,,,,,,,,,,H5,,30660.5996,2026-06-02,macro_2_stage_own_shape,,,,,"acc: starts after B4 event; price-free (entry price = B4 zone). mode=macro_2_stage_own_shape; macro assets (SPX/NDX/DXY/TLT) DO pivot around BTC halvings (I-19 revision; see docs/blockers/I-19-macro-2stage.md). Anchor = own observed C4 top 2026-06-02 @ $30.7k; shape fit on macro's own series (dds=[0.156, 0.128, 0.356] n=3, mults=[2.296, 2.031, 2.809, 2.871] n=4). Projected drawdown at C4 = 0.317 -> B4 = $20.9k (band $14.3k - $27.6k). Projected C5 multiplier = 2.89 -> C5 top = $60.5k (band $29.9k - $92.5k)."
ndx,top,2030-03-21,2030-12-28,2029-10-10,2031-04-18,29916.4850,92491.3428,,,,,,,,projected_B4_via_drawdown,20932.4403,,,macro_2_stage_own_shape,,,None,nan,"mode=macro_2_stage_own_shape; macro assets (SPX/NDX/DXY/TLT) DO pivot around BTC halvings (I-19 revision; see docs/blockers/I-19-macro-2stage.md). Anchor = own observed C4 top 2026-06-02 @ $30.7k; shape fit on macro's own series (dds=[0.156, 0.128, 0.356] n=3, mults=[2.296, 2.031, 2.809, 2.871] n=4). Projected drawdown at C4 = 0.317 -> B4 = $20.9k (band $14.3k - $27.6k). Projected C5 multiplier = 2.89 -> C5 top = $60.5k (band $29.9k - $92.5k)."
ndx,b5_bottom,2031-04-19,2031-07-28,2031-04-19,2033-05-13,20424.4224,63145.1941,,,,,,,,dd_x_c5top,14290.8836,,,macro_2_stage_own_shape,,,None,nan,"exit: mode=macro_2_stage_own_shape; macro assets (SPX/NDX/DXY/TLT) DO pivot around BTC halvings (I-19 revision; see docs/blockers/I-19-macro-2stage.md). Anchor = own observed C4 top 2026-06-02 @ $30.7k; shape fit on macro's own series (dds=[0.156, 0.128, 0.356] n=3, mults=[2.296, 2.031, 2.809, 2.871] n=4). Projected drawdown at C4 = 0.317 -> B4 = $20.9k (band $14.3k - $27.6k). Projected C5 multiplier = 2.89 -> C5 top = $60.5k (band $29.9k - $92.5k)."
dxy,bottom,2026-09-18,2027-10-11,2025-12-23,2028-02-08,88.9526,98.9640,normal,1.000000,88.9526,98.9640,88.9526,98.9640,fallback_to_1.0,Stage 1 ratio-path B4,92.7717,109.9600,2025-01-13,macro_2_stage_own_shape,,,,,"B4 (post-C4-top bear bottom). Timing: BTC B4 2026-10-22 + alt lag (n=3, median=+234d). Price: Stage 1 ratio-path (band $88.95 - $98.96); drawdown cross-check: drawdowns src=own (n=3); dd_min=0.077 dd_max=0.127 dd_med=0.126. Anchor=[observed C4 top 2025-01-13 @ $109.96] x (1 - dd_proj)."
dxy,accumulation,2028-02-09,2028-04-01,2028-02-09,2028-04-01,,,,,,,,,,H5,,109.9600,2025-01-13,macro_2_stage_own_shape,,,,,"acc: starts after B4 event; price-free (entry price = B4 zone). mode=macro_2_stage_own_shape; macro assets (SPX/NDX/DXY/TLT) DO pivot around BTC halvings (I-19 revision; see docs/blockers/I-19-macro-2stage.md). Anchor = own observed C4 top 2025-01-13 @ $109.96; shape fit on macro's own series (dds=[0.077, 0.127, 0.126] n=3, mults=[1.366, 1.097, 1.202, 1.102] n=4). Projected drawdown at C4 = 0.156 -> B4 = $92.77 (band $88.95 - $98.96). Projected C5 multiplier = 1.07 -> C5 top = $98.88 (band $88.30 - $114.17)."
dxy,top,2028-12-03,2030-07-23,2028-09-28,2030-08-18,88.3033,114.1677,,,,,,,,projected_B4_via_drawdown,92.7717,,,macro_2_stage_own_shape,,,None,nan,"mode=macro_2_stage_own_shape; macro assets (SPX/NDX/DXY/TLT) DO pivot around BTC halvings (I-19 revision; see docs/blockers/I-19-macro-2stage.md). Anchor = own observed C4 top 2025-01-13 @ $109.96; shape fit on macro's own series (dds=[0.077, 0.127, 0.126] n=3, mults=[1.366, 1.097, 1.202, 1.102] n=4). Projected drawdown at C4 = 0.156 -> B4 = $92.77 (band $88.95 - $98.96). Projected C5 multiplier = 1.07 -> C5 top = $98.88 (band $88.30 - $114.17)."
dxy,b5_bottom,2030-09-16,2030-11-19,2030-08-19,2032-11-12,74.5003,96.3217,,,,,,,,dd_x_c5top,78.2702,,,macro_2_stage_own_shape,,,None,nan,"exit: mode=macro_2_stage_own_shape; macro assets (SPX/NDX/DXY/TLT) DO pivot around BTC halvings (I-19 revision; see docs/blockers/I-19-macro-2stage.md). Anchor = own observed C4 top 2025-01-13 @ $109.96; shape fit on macro's own series (dds=[0.077, 0.127, 0.126] n=3, mults=[1.366, 1.097, 1.202, 1.102] n=4). Projected drawdown at C4 = 0.156 -> B4 = $92.77 (band $88.95 - $98.96). Projected C5 multiplier = 1.07 -> C5 top = $98.88 (band $88.30 - $114.17)."
tlt,bottom,2027-06-26,2027-10-13,2027-04-03,2027-11-07,37.7560,84.9510,normal,1.000000,37.7560,84.9510,37.7560,84.9510,fallback_to_1.0,Stage 1 ratio-path B4,62.3048,94.3900,2024-12-06,macro_2_stage_own_shape,,,,,"B4 (post-C4-top bear bottom). Timing: BTC B4 2026-10-22 + alt lag (n=3, median=+332d). Price: Stage 1 ratio-path (band $37.76 - $84.95); drawdown cross-check: drawdowns src=own (n=3); dd_min=0.080 dd_max=0.488 dd_med=0.167. Anchor=[observed C4 top 2024-12-06 @ $94.39] x (1 - dd_proj)."
tlt,accumulation,2027-11-08,2028-04-01,2027-11-08,2028-04-01,,,,,,,,,,H5,,94.3900,2024-12-06,macro_2_stage_own_shape,,,,,"acc: starts after B4 event; price-free (entry price = B4 zone). mode=macro_2_stage_own_shape; macro assets (SPX/NDX/DXY/TLT) DO pivot around BTC halvings (I-19 revision; see docs/blockers/I-19-macro-2stage.md). Anchor = own observed C4 top 2024-12-06 @ $94.39; shape fit on macro's own series (dds=[0.167, 0.080, 0.488] n=3, mults=[1.477, 1.278, 1.411, 1.140] n=4). Projected drawdown at C4 = 0.340 -> B4 = $62.30 (band $37.76 - $84.95). Projected C5 multiplier = 1.18 -> C5 top = $73.37 (band $9.29 - $110.02)."
tlt,top,2028-11-07,2030-08-26,2028-10-11,2031-05-08,9.2937,110.0220,,,,,,,,projected_B4_via_drawdown,62.3048,,,macro_2_stage_own_shape,,,None,nan,"mode=macro_2_stage_own_shape; macro assets (SPX/NDX/DXY/TLT) DO pivot around BTC halvings (I-19 revision; see docs/blockers/I-19-macro-2stage.md). Anchor = own observed C4 top 2024-12-06 @ $94.39; shape fit on macro's own series (dds=[0.167, 0.080, 0.488] n=3, mults=[1.477, 1.278, 1.411, 1.140] n=4). Projected drawdown at C4 = 0.340 -> B4 = $62.30 (band $37.76 - $84.95). Projected C5 multiplier = 1.18 -> C5 top = $73.37 (band $9.29 - $110.02)."
tlt,b5_bottom,2031-05-09,2032-08-14,2031-05-09,2036-06-15,6.1346,72.6231,,,,,,,,dd_x_c5top,41.1260,,,macro_2_stage_own_shape,,,None,nan,"exit: mode=macro_2_stage_own_shape; macro assets (SPX/NDX/DXY/TLT) DO pivot around BTC halvings (I-19 revision; see docs/blockers/I-19-macro-2stage.md). Anchor = own observed C4 top 2024-12-06 @ $94.39; shape fit on macro's own series (dds=[0.167, 0.080, 0.488] n=3, mults=[1.477, 1.278, 1.411, 1.140] n=4). Projected drawdown at C4 = 0.340 -> B4 = $62.30 (band $37.76 - $84.95). Projected C5 multiplier = 1.18 -> C5 top = $73.37 (band $9.29 - $110.02)."
gold,bottom,2027-09-12,2027-09-22,2027-09-05,2027-09-24,3241.7310,4786.5599,normal,1.000000,3241.7310,4786.5599,3241.7310,4786.5599,fallback_to_1.0,Stage 1 ratio-path B4,5052.4799,5318.3999,2026-01-29,macro_2_stage_own_shape,3903.3230,3921.0250,,,"B4 (post-C4-top bear bottom). Timing: BTC B4 2026-10-22 + alt lag (n=3, median=+333d). Price: Stage 1 ratio-path (band $3.2k - $4.8k); drawdown cross-check: drawdowns src=own (n=3); dd_min=0.038 dd_max=0.260 dd_med=0.109. Anchor=[observed C4 top 2026-01-29 @ $5.3k] x (1 - dd_proj). Gold support band (20-mo SMA $3921.03 / 21-mo EMA $3903.32 @ 2026-08-31): WARN (B4 projects below band -> bull-support invalidation risk)."
gold,accumulation,2027-09-25,2028-04-01,2027-09-25,2028-04-01,,,,,,,,,,H5,,5318.3999,2026-01-29,macro_2_stage_own_shape,,,,,"acc: starts after B4 event; price-free (entry price = B4 zone). mode=macro_2_stage_own_shape; macro assets (SPX/NDX/DXY/TLT) DO pivot around BTC halvings (I-19 revision; see docs/blockers/I-19-macro-2stage.md). Anchor = own observed C4 top 2026-01-29 @ $5.3k; shape fit on macro's own series (dds=[0.260, 0.038, 0.109] n=3, mults=[0.958, 1.446, 1.697, 3.261] n=4). Projected drawdown at C4 = 0.050 -> B4 = $5.1k (band $3.2k - $4.8k). Projected C5 multiplier = 3.17 -> C5 top = $16.0k (band $5.3k - $19.0k)."
gold,top,2029-10-07,2031-04-05,2028-12-29,2031-05-08,5338.5410,18971.0008,,,,,,,,projected_B4_via_drawdown,5052.4799,,,macro_2_stage_own_shape,,,None,nan,"mode=macro_2_stage_own_shape; macro assets (SPX/NDX/DXY/TLT) DO pivot around BTC halvings (I-19 revision; see docs/blockers/I-19-macro-2stage.md). Anchor = own observed C4 top 2026-01-29 @ $5.3k; shape fit on macro's own series (dds=[0.260, 0.038, 0.109] n=3, mults=[0.958, 1.446, 1.697, 3.261] n=4). Projected drawdown at C4 = 0.050 -> B4 = $5.1k (band $3.2k - $4.8k). Projected C5 multiplier = 3.17 -> C5 top = $16.0k (band $5.3k - $19.0k)."
gold,b5_bottom,2031-05-09,2032-05-19,2031-05-09,2035-10-07,5071.6139,18022.4508,,,,,,,,dd_x_c5top,4799.8559,,,macro_2_stage_own_shape,,,None,nan,"exit: mode=macro_2_stage_own_shape; macro assets (SPX/NDX/DXY/TLT) DO pivot around BTC halvings (I-19 revision; see docs/blockers/I-19-macro-2stage.md). Anchor = own observed C4 top 2026-01-29 @ $5.3k; shape fit on macro's own series (dds=[0.260, 0.038, 0.109] n=3, mults=[0.958, 1.446, 1.697, 3.261] n=4). Projected drawdown at C4 = 0.050 -> B4 = $5.1k (band $3.2k - $4.8k). Projected C5 multiplier = 3.17 -> C5 top = $16.0k (band $5.3k - $19.0k)."
