asset,statistic,n_actual,n_with_proxy,mean,median,min,max,q25,q75,is_sensitive,n_with_proxy_note,looco_C1_mean,looco_C1_delta,looco_C2_mean,looco_C2_delta,looco_C3_mean,looco_C3_delta,looco_C4_mean,looco_C4_delta
eth,D_asset_prev_bottom_to_halving,3,3,371.3333333333333,514.0,72.0,528.0,293.0,521.0,True,,,,521.0,149.66666666666669,300.0,-71.33333333333331,293.0,-78.33333333333331
eth,D_asset_halving_to_top,3,3,529.3333333333334,546.0,489.0,553.0,517.5,549.5,False,,,,517.5,-11.833333333333371,521.0,-8.333333333333371,549.5,20.16666666666663
eth,D_asset_top_to_next_bottom,2,2,278.5,278.5,222.0,335.0,250.25,306.75,False,n=2 < 3; LOOCO unavailable,,,,,,,,
eth,mult_asset_bottom_to_top,3,3,83.99207894802811,57.07727019796557,4.391457240209835,190.50750940590893,30.734363719087703,123.79238980193725,True,,,,30.734363719087703,-53.257715228940405,97.44948332305938,13.457404375031274,123.79238980193725,39.80031085390914
eth,drawdown_asset_pct,2,2,0.8665688602521779,0.8665688602521779,0.7935123166505245,0.9396254038538314,0.8300405884513512,0.9030971320530047,False,n=2 < 3; LOOCO unavailable,,,,,,,,
xrp,D_asset_prev_bottom_to_halving,2,2,294.0,294.0,60.0,528.0,177.0,411.0,False,n=2 < 3; LOOCO unavailable,,,,,,,,
xrp,D_asset_halving_to_top,2,2,397.5,397.5,338.0,457.0,367.75,427.25,False,n=2 < 3; LOOCO unavailable,,,,,,,,
xrp,D_asset_top_to_next_bottom,1,1,430.0,364.0,430.0,430.0,430.0,430.0,False,n_actual=1; projection not meaningful; timing borrowed from BTC+ETH (n_actual=1 < 2),,,,,,,,
xrp,mult_asset_bottom_to_top,2,2,11.921956598941868,11.921956598941868,10.672172121986469,13.17174107589727,11.29706436046417,12.546848837419569,False,n=2 < 3; LOOCO unavailable,,,,,,,,
xrp,drawdown_asset_pct,1,1,0.8324902308241238,0.8324902308241238,0.8324902308241238,0.8324902308241238,0.8324902308241238,0.8324902308241238,False,n_actual=1; projection not meaningful,,,,,,,,
sol,D_asset_prev_bottom_to_halving,2,2,239.0,239.0,0.0,478.0,119.5,358.5,False,n=2 < 3; LOOCO unavailable,,,,,,,,
sol,D_asset_halving_to_top,2,2,408.5,408.5,273.0,544.0,340.75,476.25,False,n=2 < 3; LOOCO unavailable,,,,,,,,
sol,D_asset_top_to_next_bottom,1,1,418.0,392.0,418.0,418.0,418.0,418.0,False,n_actual=1; projection not meaningful; timing borrowed from BTC+XRP (n_actual=1 < 2),,,,,,,,
sol,mult_asset_bottom_to_top,2,2,264.82524440453255,264.82524440453255,27.131748741283648,502.51874006778144,145.97849657290809,383.671992236157,False,n=2 < 3; LOOCO unavailable,,,,,,,,
sol,drawdown_asset_pct,1,1,0.9627249768997591,0.9627249768997591,0.9627249768997591,0.9627249768997591,0.9627249768997591,0.9627249768997591,False,n_actual=1; projection not meaningful,,,,,,,,
mstr,D_asset_prev_bottom_to_halving,2,2,266.0,266.0,54.0,478.0,160.0,372.0,False,n=2 < 3; LOOCO unavailable,,,,,,,,
mstr,D_asset_halving_to_top,2,2,244.0,244.0,214.0,274.0,229.0,259.0,False,n=2 < 3; LOOCO unavailable,,,,,,,,
mstr,D_asset_top_to_next_bottom,1,1,688.0,688.0,688.0,688.0,688.0,688.0,False,n_actual=1; projection not meaningful,,,,,,,,
mstr,mult_asset_bottom_to_top,2,2,24.24304050951964,24.24304050951964,13.806290133577496,34.679790885461784,19.024665321548568,29.461415697490715,False,n=2 < 3; LOOCO unavailable,,,,,,,,
mstr,drawdown_asset_pct,1,1,0.8926657953683137,0.8926657953683137,0.8926657953683137,0.8926657953683137,0.8926657953683137,0.8926657953683137,False,n_actual=1; projection not meaningful,,,,,,,,
wgmi,D_asset_prev_bottom_to_halving,1,4,212.75,159.0,54.0,479.0,72.75,299.0,True,n_actual=1 augmented with ETH proxy to n_with_proxy=4; projection exploratory,257.3333333333333,44.583333333333314,204.0,-8.75,265.6666666666667,52.916666666666686,124.0,-88.75
wgmi,D_asset_halving_to_top,1,4,572.75,651.0,200.0,789.0,460.25,763.5,True,n_actual=1 augmented with ETH proxy to n_with_proxy=4; projection exploratory,512.0,-60.75,697.0,124.25,581.3333333333334,8.583333333333371,500.6666666666667,-72.08333333333331
wgmi,D_asset_top_to_next_bottom,0,3,629.0,414.0,325.0,1148.0,369.5,781.0,True,n_actual=0 augmented with ETH proxy to n_with_proxy=3; projection exploratory,781.0,152.0,369.5,-259.5,736.5,107.5,,
wgmi,mult_asset_bottom_to_top,1,4,53.64321866586041,11.379167184336728,1.5895522846148407,190.22498801015334,4.244868227075667,60.77751762312147,True,n_actual=1 augmented with ETH proxy to n_with_proxy=4; projection exploratory,69.81430037407078,16.171081708210373,70.99444079294226,17.351222127081847,8.115962217762766,-45.527256448097646,65.64817127866583,12.004952612805418
wgmi,drawdown_asset_pct,0,3,0.9360972185629407,0.9586016526879655,0.8614270917470189,0.9882629112538377,0.9100143722174923,0.9734322819709016,False,n_actual=0 augmented with ETH proxy to n_with_proxy=3; projection exploratory,0.9734322819709016,0.03733506340796089,0.9100143722174923,-0.02608284634544844,0.9248450015004284,-0.011252217062512337,,
spx,D_asset_prev_bottom_to_halving,4,4,288.5,285.5,49.0,534.0,124.0,450.0,True,,244.0,-44.5,335.0,46.5,368.3333333333333,79.83333333333331,206.66666666666666,-81.83333333333334
spx,D_asset_halving_to_top,4,4,865.75,874.5,602.0,1112.0,784.25,956.0,False,,853.0,-12.75,783.6666666666666,-82.08333333333337,953.6666666666666,87.91666666666663,872.6666666666666,6.916666666666629
spx,D_asset_top_to_next_bottom,3,3,263.0,266.0,241.0,282.0,253.5,274.0,False,,261.5,-1.5,274.0,11.0,253.5,-9.5,,
spx,mult_asset_bottom_to_top,4,4,1.9582870003632185,2.0175154603332768,1.6543071818186854,2.1438098989676346,1.867426380768965,2.10837607992753,False,,1.9648939625668274,0.0066069622036089015,2.0596136065447292,0.10132660618151079,1.8964460341617464,-0.06184096620147206,1.9121943981795706,-0.04609260218364786
spx,drawdown_asset_pct,3,3,0.21881079418232927,0.2542509661923039,0.14160750444640424,0.2605739119082796,0.19792923531935408,0.25741243905029176,False,,0.25741243905029176,0.0386016448679625,0.19792923531935408,-0.020881558862975186,0.20109070817734193,-0.01772008600498734,,
ndx,D_asset_prev_bottom_to_halving,4,4,400.25,473.0,151.0,504.0,388.0,485.25,True,,378.0,-22.25,483.3333333333333,83.08333333333331,365.6666666666667,-34.583333333333314,374.0,-26.25
ndx,D_asset_halving_to_top,4,4,851.5,868.5,557.0,1112.0,719.0,1001.0,False,,814.0,-37.5,764.6666666666666,-86.83333333333337,949.6666666666666,98.16666666666663,877.6666666666666,26.16666666666663
ndx,D_asset_top_to_next_bottom,3,3,282.0,238.0,204.0,404.0,221.0,321.0,True,,321.0,39.0,304.0,22.0,221.0,-61.0,,
ndx,mult_asset_bottom_to_top,4,4,2.5017682856772026,2.5526571772303717,2.030738663598799,2.871020124649266,2.229657849503222,2.8247676134043522,False,,2.5703696326347045,0.06860134695750197,2.6587781597033366,0.1570098740261341,2.3992410110175872,-0.10252727465961531,2.3786843393531814,-0.1230839463240212
ndx,drawdown_asset_pct,3,3,0.21319632371724162,0.15639533033492858,0.12756224391264748,0.3556313969041488,0.14197878712378803,0.2560133636195387,True,,0.24159682040839814,0.028400496691156518,0.2560133636195387,0.04281703990229707,0.14197878712378803,-0.07121753659345359,,
dxy,D_asset_prev_bottom_to_halving,4,4,344.0,386.5,63.0,540.0,227.25,503.25,True,,295.0,-49.0,278.6666666666667,-65.33333333333331,437.6666666666667,93.66666666666669,364.6666666666667,20.666666666666686
dxy,D_asset_halving_to_top,4,4,538.0,551.5,180.0,869.0,246.0,843.5,True,,439.0,-99.0,657.3333333333334,119.33333333333337,427.6666666666667,-110.33333333333331,628.0,90.0
dxy,D_asset_top_to_next_bottom,3,3,370.3333333333333,406.0,289.0,416.0,347.5,411.0,False,,347.5,-22.833333333333314,352.5,-17.833333333333314,411.0,40.666666666666686,,
dxy,mult_asset_bottom_to_top,4,4,1.1918565493238957,1.1522792645459887,1.0972762681209465,1.3655914000826594,1.100920270680631,1.2432155431892538,False,,1.133944932404308,-0.05791161691958768,1.223383309724879,0.031526760400983234,1.1883342021347105,-0.0035223471891852043,1.2217637530316858,0.029907203707790098
dxy,drawdown_asset_pct,3,3,0.1099263674613122,0.12566824897540396,0.07674677999710122,0.1273640734114314,0.10120751448625259,0.1265161611934177,False,,0.1265161611934177,0.016589793732105493,0.10120751448625259,-0.008718852975059602,0.10205542670426632,-0.007870940757045877,,
tlt,D_asset_prev_bottom_to_halving,4,4,402.25,447.5,184.0,530.0,330.25,519.5,False,,364.3333333333333,-37.916666666666686,410.0,7.75,359.6666666666667,-42.583333333333314,475.0,72.75
tlt,D_asset_halving_to_top,4,4,587.0,511.5,193.0,1132.0,220.75,877.75,True,,518.3333333333334,-68.66666666666663,405.3333333333333,-181.66666666666669,718.3333333333334,131.33333333333337,706.0,119.0
tlt,D_asset_top_to_next_bottom,3,3,449.3333333333333,147.0,138.0,1063.0,142.5,605.0,True,,600.5,151.16666666666669,605.0,155.66666666666669,142.5,-306.8333333333333,,
tlt,mult_asset_bottom_to_top,4,4,1.3267124362318352,1.3447917883036444,1.1403890687188452,1.4768770996012068,1.2438970150779862,1.4276072094574934,False,,1.2766575484420446,-0.050054887789790614,1.3428166936876582,0.016104257455823,1.2985552773948064,-0.02815715883702885,1.3888202254028321,0.06210778917099691
tlt,drawdown_asset_pct,3,3,0.24484052869188389,0.16669074071335832,0.08030684968512891,0.4875239956771644,0.12349879519924362,0.32710736819526137,True,,0.28391542268114667,0.03907489398926278,0.32710736819526137,0.08226683950337749,0.12349879519924362,-0.12134173349264027,,
gold,D_asset_prev_bottom_to_halving,4,4,446.5,523.5,205.0,534.0,438.25,531.75,False,,423.3333333333333,-23.166666666666686,527.0,80.5,418.3333333333333,-28.166666666666686,417.3333333333333,-29.166666666666686
gold,D_asset_halving_to_top,4,4,785.25,868.5,272.0,1132.0,554.75,1099.0,True,,956.3333333333334,171.08333333333337,669.6666666666666,-115.58333333333337,684.3333333333334,-100.91666666666663,830.6666666666666,45.41666666666663
gold,D_asset_top_to_next_bottom,3,3,362.0,154.0,90.0,842.0,122.0,498.0,True,,122.0,-240.0,498.0,136.0,466.0,104.0,,
gold,mult_asset_bottom_to_top,4,4,1.84069387042179,1.5716893095128512,0.9583754494975789,3.2610214131638786,1.3241960023918713,2.08818717754277,True,,2.1348000107298604,0.2941061403080705,1.972213098332397,0.13151922791060722,1.8885110164504753,0.047817146028685364,1.367251356174427,-0.47344251424736283
gold,drawdown_asset_pct,3,3,0.13577709051087158,0.10891662580237615,0.03810214881830132,0.26031249691193725,0.07350938731033874,0.1846145613571567,True,,0.07350938731033874,-0.06226770320053285,0.1846145613571567,0.04883747084628512,0.14920732286511929,0.013430232354247701,,
