date,close,sma_50w,sma_200w,below_sma_50w,below_sma_200w,event_first_below_50w,event_first_below_200w,event_reclaim_50w,event_reclaim_200w
2011-08-15,11.7,,,False,False,False,False,False,False
2011-08-22,10.0,,,False,False,False,False,False,False
2011-08-29,8.89,,,False,False,False,False,False,False
2011-09-05,7.4,,,False,False,False,False,False,False
2011-09-12,4.92,,,False,False,False,False,False,False
2011-09-19,6.05,,,False,False,False,False,False,False
2011-09-26,4.82,,,False,False,False,False,False,False
2011-10-03,3.89,,,False,False,False,False,False,False
2011-10-10,4.05,,,False,False,False,False,False,False
2011-10-17,2.27,,,False,False,False,False,False,False
2011-10-24,3.5,,,False,False,False,False,False,False
2011-10-31,2.95,,,False,False,False,False,False,False
2011-11-07,3.35,,,False,False,False,False,False,False
2011-11-14,2.37,,,False,False,False,False,False,False
2011-11-21,2.77,,,False,False,False,False,False,False
2011-11-28,2.93,,,False,False,False,False,False,False
2011-12-05,3.27,,,False,False,False,False,False,False
2011-12-12,3.5,,,False,False,False,False,False,False
2011-12-19,4.27,,,False,False,False,False,False,False
2011-12-26,5.0,,,False,False,False,False,False,False
2012-01-02,7.0,,,False,False,False,False,False,False
2012-01-09,7.15,,,False,False,False,False,False,False
2012-01-16,6.79,,,False,False,False,False,False,False
2012-01-23,5.5,,,False,False,False,False,False,False
2012-01-30,5.6,,,False,False,False,False,False,False
2012-02-06,5.67,,,False,False,False,False,False,False
2012-02-13,4.38,,,False,False,False,False,False,False
2012-02-20,4.98,,,False,False,False,False,False,False
2012-02-27,4.81,,,False,False,False,False,False,False
2012-03-05,5.0,,,False,False,False,False,False,False
2012-03-12,5.25,,,False,False,False,False,False,False
2012-03-19,4.54,,,False,False,False,False,False,False
2012-03-26,4.89,,,False,False,False,False,False,False
2012-04-02,4.76,,,False,False,False,False,False,False
2012-04-09,4.99,,,False,False,False,False,False,False
2012-04-16,5.17,,,False,False,False,False,False,False
2012-04-23,4.91,,,False,False,False,False,False,False
2012-04-30,5.08,,,False,False,False,False,False,False
2012-05-07,4.94,,,False,False,False,False,False,False
2012-05-14,5.03,,,False,False,False,False,False,False
2012-05-21,5.07,,,False,False,False,False,False,False
2012-05-28,5.19,,,False,False,False,False,False,False
2012-06-04,5.42,,,False,False,False,False,False,False
2012-06-11,6.19,,,False,False,False,False,False,False
2012-06-18,6.4,,,False,False,False,False,False,False
2012-06-25,6.52,,,False,False,False,False,False,False
2012-07-02,6.73,,,False,False,False,False,False,False
2012-07-09,7.57,,,False,False,False,False,False,False
2012-07-16,8.42,,,False,False,False,False,False,False
2012-07-23,8.71,5.41,,False,False,False,False,False,False
2012-07-30,10.71,5.39,,False,False,False,False,False,False
2012-08-06,11.49,5.42,,False,False,False,False,False,False
2012-08-13,8.06,5.4,,False,False,False,False,False,False
2012-08-20,10.31,5.46,,False,False,False,False,False,False
2012-08-27,10.18,5.57,,False,False,False,False,False,False
2012-09-03,10.98,5.67,,False,False,False,False,False,False
2012-09-10,11.75,5.81,,False,False,False,False,False,False
2012-09-17,11.99,5.97,,False,False,False,False,False,False
2012-09-24,12.22,6.13,,False,False,False,False,False,False
2012-10-01,11.71,6.32,,False,False,False,False,False,False
2012-10-08,11.79,6.49,,False,False,False,False,False,False
2012-10-15,11.32,6.65,,False,False,False,False,False,False
2012-10-22,10.54,6.8,,False,False,False,False,False,False
2012-10-29,10.64,6.96,,False,False,False,False,False,False
2012-11-05,10.82,7.12,,False,False,False,False,False,False
2012-11-12,11.51,7.29,,False,False,False,False,False,False
2012-11-19,12.31,7.48,,False,False,False,False,False,False
2012-11-26,12.42,7.65,,False,False,False,False,False,False
2012-12-03,13.29,7.83,,False,False,False,False,False,False
2012-12-10,13.27,8.0,,False,False,False,False,False,False
2012-12-17,13.14,8.12,,False,False,False,False,False,False
2012-12-24,13.2,8.24,,False,False,False,False,False,False
2012-12-31,13.15,8.37,,False,False,False,False,False,False
2013-01-07,13.64,8.53,,False,False,False,False,False,False
2013-01-14,15.5,8.73,,False,False,False,False,False,False
2013-01-21,17.6,8.97,,False,False,False,False,False,False
2013-01-28,20.29,9.29,,False,False,False,False,False,False
2013-02-04,23.7,9.66,,False,False,False,False,False,False
2013-02-11,26.98,10.11,,False,False,False,False,False,False
2013-02-18,29.78,10.6,,False,False,False,False,False,False
2013-02-25,34.33,11.18,,False,False,False,False,False,False
2013-03-04,45.29,12.0,,False,False,False,False,False,False
2013-03-11,47.24,12.85,,False,False,False,False,False,False
2013-03-18,70.22,14.15,,False,False,False,False,False,False
2013-03-25,96.15,15.98,,False,False,False,False,False,False
2013-04-01,164.97,19.17,,False,False,False,False,False,False
2013-04-08,91.11,20.9,,False,False,False,False,False,False
2013-04-15,118.81,23.17,,False,False,False,False,False,False
2013-04-22,135.28,25.78,,False,False,False,False,False,False
2013-04-29,116.57,28.01,,False,False,False,False,False,False
2013-05-06,114.5,30.2,,False,False,False,False,False,False
2013-05-13,116.38,32.42,,False,False,False,False,False,False
2013-05-20,129.5,34.9,,False,False,False,False,False,False
2013-05-27,123.0,37.24,,False,False,False,False,False,False
2013-06-03,100.17,39.12,,False,False,False,False,False,False
2013-06-10,99.37,40.97,,False,False,False,False,False,False
2013-06-17,100.41,42.85,,False,False,False,False,False,False
2013-06-24,89.53,44.48,,False,False,False,False,False,False
2013-07-01,73.96,45.8,,False,False,False,False,False,False
2013-07-08,90.03,47.42,,False,False,False,False,False,False
2013-07-15,85.93,48.93,,False,False,False,False,False,False
2013-07-22,92.71,50.55,,False,False,False,False,False,False
2013-07-29,96.38,52.32,,False,False,False,False,False,False
2013-08-05,94.09,53.99,,False,False,False,False,False,False
2013-08-12,99.3,55.78,,False,False,False,False,False,False
2013-08-19,113.12,57.82,,False,False,False,False,False,False
2013-08-26,130.66,60.2,,False,False,False,False,False,False
2013-09-02,118.34,62.32,,False,False,False,False,False,False
2013-09-09,125.36,64.59,,False,False,False,False,False,False
2013-09-16,123.27,66.82,,False,False,False,False,False,False
2013-09-23,127.01,69.12,,False,False,False,False,False,False
2013-09-30,122.49,71.35,,False,False,False,False,False,False
2013-10-07,132.82,73.79,,False,False,False,False,False,False
2013-10-14,166.59,76.91,,False,False,False,False,False,False
2013-10-21,194.0,80.57,,False,False,False,False,False,False
2013-10-28,210.0,84.54,,False,False,False,False,False,False
2013-11-04,323.0,90.76,,False,False,False,False,False,False
2013-11-11,477.38,100.06,,False,False,False,False,False,False
2013-11-18,800.05,115.79,,False,False,False,False,False,False
2013-11-25,955.0,134.63,,False,False,False,False,False,False
2013-12-02,787.0,150.1,,False,False,False,False,False,False
2013-12-09,862.0,167.08,,False,False,False,False,False,False
2013-12-16,612.66,179.07,,False,False,False,False,False,False
2013-12-23,728.0,193.36,,False,False,False,False,False,False
2013-12-30,905.0,211.15,,False,False,False,False,False,False
2014-01-06,844.05,227.68,,False,False,False,False,False,False
2014-01-13,842.07,244.11,,False,False,False,False,False,False
2014-01-20,814.75,259.93,,False,False,False,False,False,False
2014-01-27,814.99,275.69,,False,False,False,False,False,False
2014-02-03,687.37,288.84,,False,False,False,False,False,False
2014-02-10,621.0,300.58,,False,False,False,False,False,False
2014-02-17,610.09,311.87,,False,False,False,False,False,False
2014-02-24,566.24,322.25,,False,False,False,False,False,False
2014-03-03,640.0,333.65,,False,False,False,False,False,False
2014-03-10,634.99,344.43,,False,False,False,False,False,False
2014-03-17,561.0,352.35,,False,False,False,False,False,False
2014-03-24,460.0,359.72,,False,False,False,False,False,False
2014-03-31,456.27,366.47,,False,False,False,False,False,False
2014-04-07,416.3,372.09,,False,False,False,False,False,False
2014-04-14,500.0,379.76,,False,False,False,False,False,False
2014-04-21,430.0,386.07,,False,False,False,False,False,False
2014-04-28,438.04,392.51,,False,False,False,False,False,False
2014-05-05,440.0,398.72,,False,False,False,False,False,False
2014-05-12,446.91,405.19,,False,False,False,False,False,False
2014-05-19,573.9,414.67,,False,False,False,False,False,False
2014-05-26,630.99,425.3,,False,False,False,False,False,False
2014-06-02,658.0,436.45,,False,False,False,False,False,False
2014-06-09,588.55,446.43,,False,False,False,False,False,False
2014-06-16,600.34,456.96,,False,False,False,False,False,False
2014-06-23,599.89,467.16,,False,False,False,False,False,False
2014-06-30,630.57,478.05,,False,False,False,False,False,False
2014-07-07,630.88,488.81,,False,False,False,False,False,False
2014-07-14,627.0,499.43,,False,False,False,False,False,False
2014-07-21,590.3,509.35,,False,False,False,False,False,False
2014-07-28,588.91,519.14,,False,False,False,False,False,False
2014-08-04,590.96,528.7,,False,False,False,False,False,False
2014-08-11,496.86,536.02,,True,False,True,False,False,False
2014-08-18,507.85,543.81,,True,False,False,False,False,False
2014-08-25,479.04,550.89,,True,False,False,False,False,False
2014-09-01,475.43,557.93,,True,False,False,False,False,False
2014-09-08,475.49,564.9,,True,False,False,False,False,False
2014-09-15,399.55,570.44,,True,False,False,False,False,False
2014-09-22,375.35,575.29,,True,False,False,False,False,False
2014-09-29,323.52,578.43,,True,False,False,False,False,False
2014-10-06,378.11,582.11,,True,False,False,False,False,False
2014-10-13,387.53,585.66,,True,False,False,False,False,False
2014-10-20,355.18,586.31,,True,False,False,False,False,False
2014-10-27,324.36,583.25,,True,False,False,False,False,False
2014-11-03,364.77,574.54,,True,False,False,False,False,False
2014-11-10,389.86,563.24,,True,False,False,False,False,False
2014-11-17,367.17,554.84,,True,False,False,False,False,False
2014-11-24,377.01,545.14,,True,False,False,False,False,False
2014-12-01,377.26,540.43,,True,False,False,False,False,False
2014-12-08,356.52,533.0,,True,False,False,False,False,False
2014-12-15,320.01,521.3,,True,False,False,False,False,False
2014-12-22,317.64,510.78,,True,False,False,False,False,False
2014-12-29,264.0,499.21,,True,False,False,False,False,False
2015-01-05,266.39,488.25,,True,False,False,False,False,False
2015-01-12,211.85,476.19,,True,False,False,False,False,False
2015-01-19,255.31,467.54,,True,False,False,False,False,False
2015-01-26,226.93,459.66,,True,False,False,False,False,False
2015-02-02,223.88,451.94,,True,False,False,False,False,False
2015-02-09,235.63,445.33,,True,False,False,False,False,False
2015-02-16,236.5,437.26,,True,False,False,False,False,False
2015-02-23,258.34,429.72,,True,False,False,False,False,False
2015-03-02,275.0,424.0,,True,False,False,False,False,False
2015-03-09,286.75,420.54,,True,False,False,False,False,False
2015-03-16,267.74,416.77,,True,False,False,False,False,False
2015-03-23,242.0,413.28,,True,False,False,False,False,False
2015-03-30,260.54,408.49,,True,False,False,False,False,False
2015-04-06,236.5,404.62,,True,False,False,False,False,False
2015-04-13,222.54,400.31,,True,False,False,False,False,False
2015-04-20,219.52,395.9,,True,False,False,False,False,False
2015-04-27,239.0,391.74,,True,False,False,False,False,False
2015-05-04,239.13,385.05,,True,False,False,False,False,False
2015-05-11,235.97,377.15,,True,False,False,False,False,False
2015-05-18,239.22,368.77,,True,False,False,False,False,False
2015-05-25,228.91,361.58,,True,False,False,False,False,False
2015-06-01,222.7,354.03,,True,False,False,False,False,False
2015-06-08,232.09,346.67,216.67,True,False,False,False,False,False
2015-06-15,243.64,338.93,217.83,True,False,False,False,False,False
2015-06-22,248.62,331.29,219.02,True,False,False,False,False,False
2015-06-29,271.5,324.18,220.33,True,False,False,False,False,False
2015-07-06,310.55,318.58,221.85,True,False,False,False,False,False
2015-07-13,275.47,312.31,223.2,True,False,False,False,False,False
2015-07-20,293.19,306.36,224.64,True,False,False,False,False,False
2015-07-27,282.32,302.07,226.02,True,False,False,False,False,False
2015-08-03,265.05,297.21,227.33,True,False,False,False,False,False
2015-08-10,256.11,292.75,228.59,True,False,False,False,False,False
2015-08-17,228.89,287.82,229.72,True,True,False,True,False,False
2015-08-24,229.0,282.89,230.85,True,True,False,False,False,False
2015-08-31,240.28,279.71,232.04,True,False,False,False,False,False
2015-09-07,229.66,276.79,233.17,True,True,False,True,False,False
2015-09-14,230.16,274.93,234.31,True,True,False,False,False,False
2015-09-21,232.41,272.01,235.46,True,True,False,False,False,False
2015-09-28,238.6,269.03,236.63,True,False,False,False,False,True
2015-10-05,248.05,266.89,237.86,True,False,False,False,False,False
2015-10-12,261.05,265.62,239.15,True,False,False,False,False,False
2015-10-19,283.96,264.01,240.54,False,False,False,False,True,False
2015-10-26,325.78,262.73,242.15,False,False,False,False,False,False
2015-11-02,372.65,262.84,243.98,False,False,False,False,False,False
2015-11-09,319.28,261.68,245.54,False,False,False,False,False,False
2015-11-16,324.2,260.62,247.12,False,False,False,False,False,False
2015-11-23,371.48,260.92,248.95,False,False,False,False,False,False
2015-11-30,388.24,262.28,250.87,False,False,False,False,False,False
2015-12-07,433.07,264.59,253.0,False,False,False,False,False,False
2015-12-14,442.54,268.16,255.19,False,False,False,False,False,False
2015-12-21,421.76,271.27,257.28,False,False,False,False,False,False
2015-12-28,431.04,275.65,259.41,False,False,False,False,False,False
2016-01-04,448.79,279.52,261.63,False,False,False,False,False,False
2016-01-11,380.16,282.59,263.5,False,False,False,False,False,False
2016-01-18,402.16,286.15,265.49,False,False,False,False,False,False
2016-01-25,368.49,288.81,267.31,False,False,False,False,False,False
2016-02-01,375.0,291.58,269.16,False,False,False,False,False,False
2016-02-08,405.0,294.52,271.16,False,False,False,False,False,False
2016-02-15,438.5,297.79,273.33,False,False,False,False,False,False
2016-02-22,431.68,300.68,275.46,False,False,False,False,False,False
2016-02-29,406.23,303.45,277.47,False,False,False,False,False,False
2016-03-07,413.04,306.87,279.51,False,False,False,False,False,False
2016-03-14,411.28,309.89,281.54,False,False,False,False,False,False
2016-03-21,424.77,313.65,283.64,False,False,False,False,False,False
2016-03-28,419.11,317.59,285.71,False,False,False,False,False,False
2016-04-04,420.04,321.6,287.78,False,False,False,False,False,False
2016-04-11,427.42,325.36,289.89,False,False,False,False,False,False
2016-04-18,460.02,329.78,292.15,False,False,False,False,False,False
2016-04-25,453.0,334.12,294.39,False,False,False,False,False,False
2016-05-02,458.21,338.5,296.64,False,False,False,False,False,False
2016-05-09,457.56,343.08,298.89,False,False,False,False,False,False
2016-05-16,438.8,347.4,301.05,False,False,False,False,False,False
2016-05-23,517.84,353.11,303.59,False,False,False,False,False,False
2016-05-30,573.91,359.72,306.41,False,False,False,False,False,False
2016-06-06,672.13,368.19,309.71,False,False,False,False,False,False
2016-06-13,761.44,377.99,313.48,False,False,False,False,False,False
2016-06-20,630.16,384.38,316.58,False,False,False,False,False,False
2016-06-27,658.27,392.04,319.82,False,False,False,False,False,False
2016-07-04,648.76,399.15,323.01,False,False,False,False,False,False
2016-07-11,679.54,407.09,326.34,False,False,False,False,False,False
2016-07-18,661.47,415.02,329.59,False,False,False,False,False,False
2016-07-25,623.83,422.37,332.65,False,False,False,False,False,False
2016-08-01,592.47,429.65,335.55,False,False,False,False,False,False
2016-08-08,568.76,436.44,338.34,False,False,False,False,False,False
2016-08-15,577.55,443.19,341.17,False,False,False,False,False,False
2016-08-22,573.2,450.06,343.98,False,False,False,False,False,False
2016-08-29,603.72,457.53,346.95,False,False,False,False,False,False
2016-09-05,606.32,465.01,349.93,False,False,False,False,False,False
2016-09-12,608.0,472.39,352.91,False,False,False,False,False,False
2016-09-19,598.98,479.41,355.84,False,False,False,False,False,False
2016-09-26,608.6,486.36,358.82,False,False,False,False,False,False
2016-10-03,613.06,492.95,361.82,False,False,False,False,False,False
2016-10-10,638.97,499.21,364.95,False,False,False,False,False,False
2016-10-17,648.74,504.73,368.13,False,False,False,False,False,False
2016-10-24,697.23,512.29,371.55,False,False,False,False,False,False
2016-10-31,709.93,520.01,375.03,False,False,False,False,False,False
2016-11-07,700.38,526.58,378.47,False,False,False,False,False,False
2016-11-14,727.09,533.36,382.02,False,False,False,False,False,False
2016-11-21,727.32,539.25,385.57,False,False,False,False,False,False
2016-11-28,762.0,545.63,389.28,False,False,False,False,False,False
2016-12-05,768.97,552.58,393.01,False,False,False,False,False,False
2016-12-12,788.67,559.73,396.82,False,False,False,False,False,False
2016-12-19,890.67,568.57,401.12,False,False,False,False,False,False
2016-12-26,997.75,580.92,405.94,False,False,False,False,False,False
2017-01-02,909.75,591.07,410.26,False,False,False,False,False,False
2017-01-09,821.86,600.14,414.13,False,False,False,False,False,False
2017-01-16,923.76,611.12,418.4,False,False,False,False,False,False
2017-01-23,912.01,621.26,422.48,False,False,False,False,False,False
2017-01-30,1011.07,632.71,426.71,False,False,False,False,False,False
2017-02-06,1000.73,644.09,431.26,False,False,False,False,False,False
2017-02-13,1051.8,657.0,435.92,False,False,False,False,False,False
2017-02-20,1179.05,672.32,441.14,False,False,False,False,False,False
2017-02-27,1273.0,689.55,446.92,False,False,False,False,False,False
2017-03-06,1226.62,705.59,452.49,False,False,False,False,False,False
2017-03-13,1017.97,717.57,456.99,False,False,False,False,False,False
2017-03-20,960.0,728.37,461.15,False,False,False,False,False,False
2017-03-27,1078.01,741.38,465.92,False,False,False,False,False,False
2017-04-03,1206.2,756.3,471.45,False,False,False,False,False,False
2017-04-10,1162.31,770.49,476.77,False,False,False,False,False,False
2017-04-17,1241.99,786.16,482.47,False,False,False,False,False,False
2017-04-24,1350.21,804.02,488.78,False,False,False,False,False,False
2017-05-01,1554.01,826.32,496.18,False,False,False,False,False,False
2017-05-08,1784.0,851.64,504.65,False,False,False,False,False,False
2017-05-15,2017.55,880.52,514.3,False,False,False,False,False,False
2017-05-22,2178.81,910.65,524.74,False,False,False,False,False,False
2017-05-29,2530.27,946.03,536.9,False,False,False,False,False,False
2017-06-05,2954.22,992.51,551.21,False,False,False,False,False,False
2017-06-12,2516.98,1029.68,563.29,False,False,False,False,False,False
2017-06-19,2502.03,1066.75,575.24,False,False,False,False,False,False
2017-06-26,2504.37,1103.25,587.11,False,False,False,False,False,False
2017-07-03,2502.28,1140.06,599.03,False,False,False,False,False,False
2017-07-10,1917.63,1165.94,607.99,False,False,False,False,False,False
2017-07-17,2749.02,1209.07,621.12,False,False,False,False,False,False
2017-07-24,2742.37,1252.54,634.19,False,False,False,False,False,False
2017-07-31,3222.75,1305.44,649.69,False,False,False,False,False,False
2017-08-07,4053.87,1375.06,669.3,False,False,False,False,False,False
2017-08-14,4058.68,1444.16,688.76,False,False,False,False,False,False
2017-08-21,4337.68,1518.78,709.48,False,False,False,False,False,False
2017-08-28,4606.26,1598.75,731.46,False,False,False,False,False,False
2017-09-04,4226.22,1671.29,750.98,False,False,False,False,False,False
2017-09-11,3662.99,1732.38,766.9,False,False,False,False,False,False
2017-09-18,3664.22,1793.41,781.23,False,False,False,False,False,False
2017-09-25,4377.22,1868.17,798.34,False,False,False,False,False,False
2017-10-02,4597.98,1947.16,817.39,False,False,False,False,False,False
2017-10-09,5679.7,2046.8,841.48,False,False,False,False,False,False
2017-10-16,5969.0,2151.99,868.26,False,False,False,False,False,False
2017-10-23,6137.37,2260.73,895.31,False,False,False,False,False,False
2017-10-30,7372.72,2393.64,927.65,False,False,False,False,False,False
2017-11-06,5870.37,2496.5,952.78,False,False,False,False,False,False
2017-11-13,8016.58,2641.59,988.65,False,False,False,False,False,False
2017-11-20,9271.06,2811.63,1030.93,False,False,False,False,False,False
2017-11-27,11250.0,3020.86,1083.11,False,False,False,False,False,False
2017-12-04,14691.0,3296.87,1153.13,False,False,False,False,False,False
2017-12-11,18953.0,3655.97,1244.79,False,False,False,False,False,False
2017-12-18,14157.87,3920.93,1312.52,False,False,False,False,False,False
2017-12-25,13880.0,4182.1,1379.09,False,False,False,False,False,False
2018-01-01,16124.02,4486.1,1456.51,False,False,False,False,False,False
2018-01-08,13647.99,4740.82,1521.58,False,False,False,False,False,False
2018-01-15,11558.87,4951.78,1576.57,False,False,False,False,False,False
2018-01-22,11685.58,5165.47,1632.7,False,False,False,False,False,False
2018-01-29,8191.0,5308.26,1671.37,False,False,False,False,False,False
2018-02-05,8067.0,5446.02,1709.62,False,False,False,False,False,False
2018-02-12,10421.06,5628.98,1759.23,False,False,False,False,False,False
2018-02-19,9590.04,5796.25,1805.03,False,False,False,False,False,False
2018-02-26,11463.27,6005.15,1860.15,False,False,False,False,False,False
2018-03-05,9535.04,6176.65,1905.63,False,False,False,False,False,False
2018-03-12,8188.24,6318.86,1944.34,False,False,False,False,False,False
2018-03-19,8453.9,6463.81,1983.74,False,False,False,False,False,False
2018-03-26,6813.52,6576.84,2014.65,False,False,False,False,False,False
2018-04-02,7027.26,6692.54,2046.5,False,False,False,False,False,False
2018-04-09,8354.22,6832.62,2085.32,False,False,False,False,False,False
2018-04-16,8789.96,6977.34,2126.27,False,False,False,False,False,False
2018-04-23,9393.99,7129.54,2170.24,False,False,False,False,False,False
2018-04-30,9623.54,7281.66,2215.21,False,False,False,False,False,False
2018-05-07,8696.58,7412.02,2255.54,False,False,False,False,False,False
2018-05-14,8518.48,7531.78,2294.99,False,False,False,False,False,False
2018-05-21,7347.39,7619.64,2328.78,True,False,True,False,False,False
2018-05-28,7703.67,7723.38,2364.35,True,False,False,False,False,False
2018-06-04,6781.17,7808.96,2395.3,True,False,False,False,False,False
2018-06-11,6453.41,7887.94,2425.09,True,False,False,False,False,False
2018-06-18,6153.4,7960.96,2453.31,True,False,False,False,False,False
2018-06-25,6349.99,8049.61,2482.67,True,False,False,False,False,False
2018-07-02,6706.6,8128.76,2513.82,True,False,False,False,False,False
2018-07-09,6349.3,8200.9,2543.19,True,False,False,False,False,False
2018-07-16,7396.6,8284.38,2578.18,True,False,False,False,False,False
2018-07-23,8216.74,8367.64,2617.39,True,False,False,False,False,False
2018-07-30,7032.61,8427.11,2650.93,True,False,False,False,False,False
2018-08-06,6310.82,8466.58,2680.59,True,False,False,False,False,False
2018-08-13,6481.99,8504.09,2711.07,True,False,False,False,False,False
2018-08-20,6700.46,8553.58,2742.79,True,False,False,False,False,False
2018-08-27,7290.31,8626.12,2777.62,True,False,False,False,False,False
2018-09-03,6236.04,8677.56,2806.98,True,False,False,False,False,False
2018-09-10,6499.98,8720.01,2837.53,True,False,False,False,False,False
2018-09-17,6702.22,8762.1,2869.21,True,False,False,False,False,False
2018-09-24,6597.81,8780.46,2900.31,True,False,False,False,False,False
2018-10-01,6577.63,8792.63,2931.31,True,False,False,False,False,False
2018-10-08,6183.0,8793.55,2960.44,True,False,False,False,False,False
2018-10-15,6413.38,8774.36,2990.91,True,False,False,False,False,False
2018-10-22,6405.57,8785.06,3021.35,True,False,False,False,False,False
2018-10-29,6421.76,8753.17,3052.14,True,False,False,False,False,False
2018-11-05,6357.54,8694.9,3082.59,True,False,False,False,False,False
2018-11-12,5559.26,8581.08,3109.33,True,False,False,False,False,False
2018-11-19,3938.89,8366.04,3127.75,True,False,False,False,False,False
2018-11-26,4102.05,8069.02,3147.13,True,False,False,False,False,False
2018-12-03,3529.75,7856.46,3163.65,True,False,False,False,False,False
2018-12-10,3193.78,7642.73,3178.45,True,False,False,False,False,False
2018-12-17,3943.83,7399.13,3196.98,True,False,False,False,False,False
2018-12-24,3835.79,7202.89,3214.87,True,False,False,False,False,False
2018-12-31,4040.71,7052.52,3233.7,True,False,False,False,False,False
2019-01-07,3515.95,6889.13,3249.84,True,False,False,False,False,False
2019-01-14,3536.72,6796.04,3266.19,True,False,False,False,False,False
2019-01-21,3533.23,6705.37,3282.64,True,False,False,False,False,False
2019-01-28,3414.82,6565.24,3298.42,True,False,False,False,False,False
2019-02-04,3650.37,6446.45,3315.49,True,False,False,False,False,False
2019-02-11,3625.6,6289.7,3332.5,True,False,False,False,False,False
2019-02-18,3730.68,6173.61,3350.06,True,False,False,False,False,False
2019-02-25,3789.52,6085.64,3367.81,True,False,False,False,False,False
2019-03-04,3897.92,5994.52,3386.1,True,False,False,False,False,False
2019-03-11,3965.5,5937.56,3404.75,True,False,False,False,False,False
2019-03-18,3969.99,5876.41,3423.4,True,False,False,False,False,False
2019-03-25,4096.08,5791.25,3442.74,True,False,False,False,False,False
2019-04-01,5190.85,5719.27,3467.58,True,False,False,False,False,False
2019-04-08,5162.72,5634.64,3492.23,True,False,False,False,False,False
2019-04-15,5295.65,5548.08,3517.49,True,False,False,False,False,False
2019-04-22,5160.98,5477.37,3542.06,True,False,False,False,False,False
2019-04-29,5709.32,5421.19,3569.25,False,False,False,False,True,False
2019-05-06,6974.35,5413.73,3602.56,False,False,False,False,False,False
2019-05-13,8200.0,5423.65,3642.19,False,False,False,False,False,False
2019-05-20,8733.26,5462.69,3684.39,False,False,False,False,False,False
2019-05-27,8734.49,5508.32,3726.65,False,False,False,False,False,False
2019-06-03,7632.99,5537.91,3763.49,False,False,False,False,False,False
2019-06-10,8974.19,5590.39,3807.08,False,False,False,False,False,False
2019-06-17,10831.95,5672.9,3860.09,False,False,False,False,False,False
2019-06-24,10760.1,5761.11,3912.75,False,False,False,False,False,False
2019-07-01,11469.96,5842.58,3968.9,False,False,False,False,False,False
2019-07-08,10191.87,5882.08,4018.71,False,False,False,False,False,False
2019-07-15,10600.24,5953.44,4070.56,False,False,False,False,False,False
2019-07-22,9533.19,6017.88,4117.06,False,False,False,False,False,False
2019-07-29,10986.96,6107.98,4170.8,False,False,False,False,False,False
2019-08-05,11528.73,6204.55,4227.21,False,False,False,False,False,False
2019-08-12,10318.99,6265.12,4277.5,False,False,False,False,False,False
2019-08-19,10136.75,6343.14,4326.76,False,False,False,False,False,False
2019-08-26,9767.53,6408.49,4373.97,False,False,False,False,False,False
2019-09-02,10400.18,6482.45,4424.11,False,False,False,False,False,False
2019-09-09,10305.74,6556.61,4474.04,False,False,False,False,False,False
2019-09-16,10020.58,6625.47,4522.52,False,False,False,False,False,False
2019-09-23,8047.6,6662.76,4560.9,False,False,False,False,False,False
2019-09-30,7854.12,6691.57,4598.23,False,False,False,False,False,False
2019-10-07,8282.96,6729.12,4637.48,False,False,False,False,False,False
2019-10-14,8235.74,6765.4,4676.45,False,False,False,False,False,False
2019-10-21,9557.08,6829.39,4722.12,False,False,False,False,False,False
2019-10-28,9207.0,6902.35,4766.0,False,False,False,False,False,False
2019-11-04,9024.49,7004.06,4808.88,False,False,False,False,False,False
2019-11-11,8499.31,7092.0,4849.48,False,False,False,False,False,False
2019-11-18,6908.36,7159.57,4882.01,True,False,False,False,False,False
2019-11-25,7412.66,7243.95,4917.23,False,False,False,False,True,False
2019-12-02,7524.26,7315.56,4952.98,False,False,False,False,False,False
2019-12-09,7115.08,7381.15,4986.53,True,False,False,False,False,False
2019-12-16,7509.7,7450.53,5021.88,False,False,False,False,False,False
2019-12-23,7385.54,7527.92,5056.65,True,False,True,False,False,False
2019-12-30,7356.7,7604.32,5091.4,True,False,False,False,False,False
2020-01-06,8180.76,7697.27,5130.24,False,False,False,False,True,False
2020-01-13,8696.6,7802.9,5171.67,False,False,False,False,False,False
2020-01-20,8590.48,7901.71,5212.5,False,False,False,False,False,False
2020-01-27,9329.39,8015.78,5257.05,False,False,False,False,False,False
2020-02-03,10173.97,8144.65,5305.82,False,False,False,False,False,False
2020-02-10,9912.89,8267.11,5353.25,False,False,False,False,False,False
2020-02-17,9965.21,8388.46,5400.77,False,False,False,False,False,False
2020-02-24,8528.95,8479.73,5441.15,False,False,False,False,False,False
2020-03-02,8033.7,8561.0,5479.03,True,False,True,False,False,False
2020-03-09,5343.64,8585.96,5503.46,True,True,False,False,False,False
2020-03-16,5813.15,8598.4,5530.33,True,False,False,False,False,True
2020-03-23,5870.9,8612.56,5557.1,True,False,False,False,False,False
2020-03-30,6775.2,8642.16,5588.1,True,False,False,False,False,False
2020-04-06,6908.24,8677.1,5619.28,True,False,False,False,False,False
2020-04-13,7126.4,8705.44,5651.11,True,False,False,False,False,False
2020-04-20,7701.73,8719.99,5686.47,True,False,False,False,False,False
2020-04-27,8915.98,8734.31,5727.76,False,False,False,False,False,False
2020-05-04,8731.17,8734.27,5768.17,True,False,False,False,False,False
2020-05-11,9665.7,8752.89,5813.1,False,False,False,False,False,False
2020-05-18,8718.77,8774.61,5853.39,True,False,False,False,False,False
2020-05-25,9446.19,8784.05,5897.5,False,False,False,False,True,False
2020-06-01,9750.04,8762.41,5943.28,False,False,False,False,False,False
2020-06-08,9329.99,8733.81,5987.09,False,False,False,False,False,False
2020-06-15,9283.03,8690.07,6030.62,False,False,False,False,False,False
2020-06-22,9118.01,8668.59,6073.34,False,False,False,False,False,False
2020-06-29,9076.82,8638.12,6115.71,False,False,False,False,False,False
2020-07-06,9306.17,8633.58,6159.21,False,False,False,False,False,False
2020-07-13,9211.99,8598.08,6202.23,False,False,False,False,False,False
2020-07-20,9944.65,8566.4,6248.96,False,False,False,False,False,False
2020-07-27,11071.66,8581.46,6301.27,False,False,False,False,False,False
2020-08-03,11683.03,8612.38,6356.62,False,False,False,False,False,False
2020-08-10,11914.02,8655.31,6413.0,False,False,False,False,False,False
2020-08-17,11644.65,8680.2,6467.98,False,False,False,False,False,False
2020-08-24,11708.97,8708.26,6523.03,False,False,False,False,False,False
2020-08-31,10260.17,8713.06,6570.79,False,False,False,False,False,False
2020-09-07,10334.78,8758.8,6618.96,False,False,False,False,False,False
2020-09-14,10923.5,8820.19,6669.94,False,False,False,False,False,False
2020-09-21,10780.66,8870.14,6720.21,False,False,False,False,False,False
2020-09-28,10669.63,8918.82,6769.74,False,False,False,False,False,False
2020-10-05,11372.93,8955.14,6822.76,False,False,False,False,False,False
2020-10-12,11519.97,9001.4,6876.42,False,False,False,False,False,False
2020-10-19,13039.09,9081.69,6937.16,False,False,False,False,False,False
2020-10-26,13762.0,9186.94,7000.98,False,False,False,False,False,False
2020-11-02,15489.15,9358.56,7073.88,False,False,False,False,False,False
2020-11-09,15975.49,9529.81,7149.65,False,False,False,False,False,False
2020-11-16,18435.2,9748.03,7237.21,False,False,False,False,False,False
2020-11-23,18192.03,9969.57,7323.61,False,False,False,False,False,False
2020-11-30,19380.58,10206.99,7415.45,False,False,False,False,False,False
2020-12-07,19162.36,10442.53,7506.26,False,False,False,False,False,False
2020-12-14,23470.85,10764.81,7618.36,False,False,False,False,False,False
2020-12-21,26259.6,11126.39,7743.76,False,False,False,False,False,False
2020-12-28,33097.83,11614.41,7902.88,False,False,False,False,False,False
2021-01-04,38173.73,12206.08,8087.62,False,False,False,False,False,False
2021-01-11,35819.25,12735.87,8261.63,False,False,False,False,False,False
2021-01-18,32288.83,13178.17,8418.27,False,False,False,False,False,False
2021-01-25,33141.38,13642.74,8578.59,False,False,False,False,False,False
2021-02-01,38858.39,14220.6,8766.85,False,False,False,False,False,False
2021-02-08,48662.5,15023.27,9004.35,False,False,False,False,False,False
2021-02-15,57492.91,16012.46,9285.6,False,False,False,False,False,False
2021-02-22,45240.96,16810.4,9505.06,False,False,False,False,False,False
2021-03-01,50967.3,17713.49,9752.12,False,False,False,False,False,False
2021-03-08,59016.39,18776.4,10038.29,False,False,False,False,False,False
2021-03-15,57381.79,19788.53,10315.11,False,False,False,False,False,False
2021-03-22,55790.92,20766.18,10583.17,False,False,False,False,False,False
2021-03-29,58212.18,21787.9,10861.58,False,False,False,False,False,False
2021-04-05,59979.26,22833.45,11146.7,False,False,False,False,False,False
2021-04-12,56280.6,23780.74,11415.52,False,False,False,False,False,False
2021-04-19,49128.43,24588.69,11648.65,False,False,False,False,False,False
2021-04-26,56622.66,25527.83,11919.24,False,False,False,False,False,False
2021-05-03,58305.24,26519.56,12198.26,False,False,False,False,False,False
2021-05-10,46444.75,27259.53,12420.89,False,False,False,False,False,False
2021-05-17,34706.79,27758.66,12580.68,False,False,False,False,False,False
2021-05-24,35677.72,28285.62,12745.36,False,False,False,False,False,False
2021-05-31,35808.85,28816.13,12908.29,False,False,False,False,False,False
2021-06-07,39013.76,29414.05,13083.09,False,False,False,False,False,False
2021-06-14,35589.77,29944.31,13240.75,False,False,False,False,False,False
2021-06-21,34699.5,30452.17,13392.55,False,False,False,False,False,False
2021-06-28,35289.21,30973.72,13545.97,False,False,False,False,False,False
2021-07-05,34258.53,31459.99,13696.13,False,False,False,False,False,False
2021-07-12,31776.65,31874.09,13836.7,True,False,False,False,False,False
2021-07-19,35428.28,32349.0,13995.52,False,False,False,False,True,False
2021-07-26,39839.0,32907.5,14172.83,False,False,False,False,False,False
2021-08-02,43858.42,33551.77,14369.13,False,False,False,False,False,False
2021-08-09,47028.3,34258.16,14575.87,False,False,False,False,False,False
2021-08-16,49301.86,35039.0,14792.54,False,False,False,False,False,False
2021-08-23,48808.72,35808.47,15005.89,False,False,False,False,False,False
2021-08-30,51809.28,36626.19,15228.08,False,False,False,False,False,False
2021-09-06,46035.0,37331.28,15428.9,False,False,False,False,False,False
2021-09-13,47245.25,38062.79,15625.04,False,False,False,False,False,False
2021-09-20,43204.73,38699.42,15794.71,False,False,False,False,False,False
2021-09-27,48235.93,39433.74,15979.64,False,False,False,False,False,False
2021-10-04,54714.95,40267.26,16179.76,False,False,False,False,False,False
2021-10-11,61538.97,41222.8,16392.69,False,False,False,False,False,False
2021-10-18,60910.16,42131.22,16626.45,False,False,False,False,False,False
2021-10-25,61359.44,43038.9,16863.85,False,False,False,False,False,False
2021-11-01,63300.0,43936.2,17099.73,False,False,False,False,False,False
2021-11-08,65509.87,44882.55,17359.04,False,False,False,False,False,False
2021-11-15,58678.47,45668.51,17594.64,False,False,False,False,False,False
2021-11-22,57338.55,46432.03,17822.9,False,False,False,False,False,False
2021-11-29,49463.22,46951.88,18029.26,False,False,False,False,False,False
2021-12-06,50124.38,47429.18,18239.55,False,False,False,False,False,False
2021-12-13,46704.67,47701.31,18420.97,True,False,False,False,False,False
2021-12-20,50791.21,47953.66,18626.97,False,False,False,False,False,False
2021-12-27,47350.22,48184.28,18806.41,True,False,True,False,False,False
2022-01-03,41875.81,48376.02,18968.11,True,False,False,False,False,False
2022-01-10,43107.7,48575.35,19142.71,True,False,False,False,False,False
2022-01-17,36293.62,48524.05,19281.91,True,False,False,False,False,False
2022-01-24,37941.82,48309.64,19437.55,True,False,False,False,False,False
2022-01-31,42420.24,48008.19,19614.51,True,False,False,False,False,False
2022-02-07,42077.74,47944.92,19783.13,True,False,False,False,False,False
2022-02-14,38373.9,47693.05,19931.05,True,False,False,False,False,False
2022-02-21,37712.68,47266.98,20072.65,True,False,False,False,False,False
2022-02-28,38438.89,46888.12,20216.72,True,False,False,False,False,False
2022-03-07,37790.54,46528.11,20362.19,True,False,False,False,False,False
2022-03-14,41242.14,46188.71,20525.81,True,False,False,False,False,False
2022-03-21,46864.39,45926.42,20723.4,False,False,False,False,True,False
2022-03-28,46401.57,45728.84,20916.88,False,False,False,False,False,False
2022-04-04,42133.85,45588.94,21093.65,True,False,True,False,False,False
2022-04-11,39691.27,45250.32,21259.84,True,False,False,False,False,False
2022-04-18,39467.4,44873.56,21426.41,True,False,False,False,False,False
2022-04-25,38488.34,44714.43,21587.1,True,False,False,False,False,False
2022-05-02,34025.5,44700.81,21723.69,True,False,False,False,False,False
2022-05-09,31295.03,44613.15,21848.42,True,False,False,False,False,False
2022-05-16,30264.66,44502.27,21962.76,True,False,False,False,False,False
2022-05-23,29448.94,44310.97,22068.92,True,False,False,False,False,False
2022-05-30,29888.98,44196.96,22183.21,True,False,False,False,False,False
2022-06-06,26585.1,44034.67,22284.58,True,False,False,False,False,False
2022-06-13,20552.82,43739.94,22354.93,True,True,False,True,False,False
2022-06-20,21028.69,43475.34,22426.57,True,True,False,False,False,False
2022-06-27,19294.46,43225.7,22486.59,True,True,False,False,False,False
2022-07-04,20856.08,42934.26,22559.69,True,True,False,False,False,False
2022-07-11,20801.85,42553.51,22631.2,True,True,False,False,False,False
2022-07-18,22595.81,42128.26,22710.67,True,True,False,False,False,False
2022-07-25,23322.53,41654.14,22794.29,True,False,False,False,False,True
2022-08-01,23187.62,41131.86,22877.34,True,False,False,False,False,False
2022-08-08,24320.0,40642.09,22968.03,True,False,False,False,False,False
2022-08-15,21514.0,40036.18,23043.53,True,True,False,True,False,False
2022-08-22,19557.0,39506.62,23109.29,True,True,False,False,False,False
2022-08-29,20007.0,38961.85,23177.22,True,True,False,False,False,False
2022-09-05,21835.0,38534.46,23254.6,True,True,False,False,False,False
2022-09-12,19419.0,37958.12,23323.9,True,True,False,False,False,False
2022-09-19,18810.0,37240.02,23398.26,True,True,False,False,False,False
2022-09-26,19051.0,36390.26,23473.0,True,True,False,False,False,False
2022-10-03,19445.0,35560.96,23552.58,True,True,False,False,False,False
2022-10-10,19264.0,34719.05,23632.93,True,True,False,False,False,False
2022-10-17,19574.0,33844.53,23711.08,True,True,False,False,False,False
2022-10-24,20628.0,32946.89,23795.04,True,True,False,False,False,False
2022-10-31,20907.0,32191.46,23879.37,True,True,False,False,False,False
2022-11-07,16310.0,31370.89,23943.34,True,True,False,False,False,False
2022-11-14,16256.0,30706.75,24006.94,True,True,False,False,False,False
2022-11-21,16424.0,30032.74,24071.39,True,True,False,False,False,False
2022-11-28,17114.0,29440.93,24139.89,True,True,False,False,False,False
2022-12-05,17091.0,28766.92,24207.09,True,True,False,False,False,False
2022-12-12,16749.0,28154.9,24272.71,True,True,False,False,False,False
2022-12-19,16828.0,27653.94,24338.2,True,True,False,False,False,False
2022-12-26,16615.0,27124.09,24402.32,True,True,False,False,False,False
2023-01-02,17119.0,26740.6,24468.43,True,True,False,False,False,False
2023-01-09,20885.0,26399.46,24553.03,True,True,False,False,False,False
2023-01-16,22717.0,26005.4,24646.76,True,True,False,False,False,False
2023-01-23,23746.0,25638.76,24745.01,True,True,False,False,False,False
2023-01-30,22937.0,25330.02,24833.74,True,True,False,False,False,False
2023-02-06,21789.0,25011.55,24916.87,True,True,False,False,False,False
2023-02-13,24296.0,24728.69,25011.87,True,True,False,False,False,False
2023-02-20,23562.0,24444.12,25103.88,True,True,False,False,False,False
2023-02-27,22428.0,24067.84,25187.47,True,True,False,False,False,False
2023-03-06,22183.0,23574.21,25263.52,True,True,False,False,False,False
2023-03-13,28054.0,23207.26,25362.79,False,False,False,False,True,True
2023-03-20,28004.0,22924.66,25459.14,False,False,False,False,False,False
2023-03-27,28186.0,22694.56,25556.4,False,False,False,False,False,False
2023-04-03,28340.0,22472.01,25659.93,False,False,False,False,False,False
2023-04-10,30330.0,22308.84,25766.71,False,False,False,False,False,False
2023-04-17,27596.0,22180.25,25850.53,False,False,False,False,False,False
2023-04-24,29235.0,22139.05,25942.91,False,False,False,False,False,False
2023-05-01,28472.0,22103.2,26027.92,False,False,False,False,False,False
2023-05-08,26933.0,22052.88,26111.62,False,False,False,False,False,False
2023-05-15,26750.0,21990.1,26192.37,False,False,False,False,False,False
2023-05-22,28072.0,22019.84,26285.07,False,False,False,False,False,False
2023-05-29,27125.0,22151.28,26365.76,False,False,False,False,False,False
2023-06-05,25941.0,22249.53,26437.82,False,True,False,True,False,False
2023-06-12,26340.0,22390.44,26517.92,False,True,False,False,False,False
2023-06-19,30477.0,22582.86,26619.62,False,False,False,False,False,True
2023-06-26,30616.0,22779.14,26723.87,False,False,False,False,False,False
2023-07-03,30167.0,22930.56,26822.7,False,False,False,False,False,False
2023-07-10,30253.0,23069.17,26922.44,False,False,False,False,False,False
2023-07-17,30085.0,23207.12,27022.76,False,False,False,False,False,False
2023-07-24,29279.0,23306.3,27128.91,False,False,False,False,False,False
2023-07-31,29042.0,23456.86,27234.85,False,False,False,False,False,False
2023-08-07,29284.0,23651.4,27339.86,False,False,False,False,False,False
2023-08-14,26192.0,23775.1,27429.64,False,True,False,True,False,False
2023-08-21,26090.0,23860.2,27512.31,False,True,False,False,False,False
2023-08-28,25970.0,23991.22,27596.12,False,True,False,False,False,False
2023-09-04,25836.0,24131.74,27680.18,False,True,False,False,False,False
2023-09-11,26535.0,24281.42,27770.36,False,True,False,False,False,False
2023-09-18,26248.0,24417.48,27867.05,False,True,False,False,False,False
2023-09-25,27995.0,24592.1,27969.97,False,False,False,False,False,False
2023-10-02,27933.0,24759.28,28072.01,False,True,False,True,False,False
2023-10-09,27174.0,24890.2,28172.3,False,True,False,False,False,False
2023-10-16,30002.0,25072.1,28284.77,False,False,False,False,False,True
2023-10-23,34538.0,25436.66,28420.53,False,False,False,False,False,False
2023-10-30,35045.0,25812.44,28558.97,False,False,False,False,False,False
2023-11-06,37086.0,26225.68,28703.5,False,False,False,False,False,False
2023-11-13,37426.0,26631.92,28847.14,False,False,False,False,False,False
2023-11-20,37460.0,27039.3,28991.49,False,False,False,False,False,False
2023-11-27,39989.0,27504.1,29144.79,False,False,False,False,False,False
2023-12-04,43786.0,28043.26,29312.85,False,False,False,False,False,False
2023-12-11,41345.0,28537.86,29470.01,False,False,False,False,False,False
2023-12-18,43033.0,29056.14,29635.35,False,False,False,False,False,False
2023-12-25,42258.0,29483.6,29803.99,False,False,False,False,False,False
2024-01-01,43944.0,29908.14,29983.55,False,False,False,False,False,False
2024-01-08,41715.0,30267.52,30165.4,False,False,False,False,False,False
2024-01-15,41560.0,30639.98,30344.14,False,False,False,False,False,False
2024-01-22,42026.0,31044.72,30524.91,False,False,False,False,False,False
2024-01-29,42570.0,31410.2,30703.89,False,False,False,False,False,False
2024-02-05,48313.0,31905.22,30910.91,False,False,False,False,False,False
2024-02-12,52130.0,32499.26,31135.93,False,False,False,False,False,False
2024-02-19,51722.0,33090.04,31356.03,False,False,False,False,False,False
2024-02-26,63142.0,33791.8,31627.16,False,False,False,False,False,False
2024-03-04,69026.0,34612.24,31928.63,False,False,False,False,False,False
2024-03-11,68352.0,35415.56,32222.06,False,False,False,False,False,False
2024-03-18,67188.0,36192.52,32514.41,False,False,False,False,False,False
2024-03-25,71285.0,37011.62,32823.6,False,False,False,False,False,False
2024-04-01,69358.0,37846.86,33121.64,False,False,False,False,False,False
2024-04-08,65749.0,38577.14,33403.74,False,False,False,False,False,False
2024-04-15,64950.0,39306.7,33682.07,False,False,False,False,False,False
2024-04-22,63098.0,40030.0,33951.97,False,False,False,False,False,False
2024-04-29,64021.0,40775.42,34226.7,False,False,False,False,False,False
2024-05-06,61462.0,41443.22,34487.47,False,False,False,False,False,False
2024-05-13,66275.0,42226.22,34772.79,False,False,False,False,False,False
2024-05-20,68489.0,43077.18,35065.51,False,False,False,False,False,False
2024-05-27,67752.0,43905.42,35348.91,False,False,False,False,False,False
2024-06-03,69640.0,44688.68,35638.7,False,False,False,False,False,False
2024-06-10,66622.0,45408.8,35912.24,False,False,False,False,False,False
2024-06-17,63154.0,46068.54,36169.78,False,False,False,False,False,False
2024-06-24,62676.0,46717.0,36424.62,False,False,False,False,False,False
2024-07-01,55829.0,47231.88,36652.46,False,False,False,False,False,False
2024-07-08,60823.0,47862.76,36904.9,False,False,False,False,False,False
2024-07-15,68158.0,48645.08,37191.08,False,False,False,False,False,False
2024-07-22,68264.0,49424.68,37478.49,False,False,False,False,False,False
2024-07-29,58142.0,50063.68,37715.86,False,False,False,False,False,False
2024-08-05,58725.0,50716.38,37952.62,False,False,False,False,False,False
2024-08-12,58430.0,51365.58,38187.17,False,False,False,False,False,False
2024-08-19,64262.0,52134.1,38443.28,False,False,False,False,False,False
2024-08-26,57310.0,52749.6,38661.02,False,False,False,False,False,False
2024-09-02,54866.0,53321.96,38857.91,False,False,False,False,False,False
2024-09-09,59130.0,53944.66,39073.68,False,False,False,False,False,False
2024-09-16,63563.0,54657.26,39299.32,False,False,False,False,False,False
2024-09-23,65601.0,55425.8,39536.36,False,False,False,False,False,False
2024-09-30,62814.0,56082.04,39753.53,False,False,False,False,False,False
2024-10-07,62849.0,56648.26,39971.96,False,False,False,False,False,False
2024-10-14,69011.0,57327.58,40199.66,False,False,False,False,False,False
2024-10-21,67938.0,57944.62,40408.05,False,False,False,False,False,False
2024-10-28,68738.0,58570.86,40586.26,False,False,False,False,False,False
2024-11-04,80425.0,59430.16,40797.51,False,False,False,False,False,False
2024-11-11,89861.0,60427.6,41067.72,False,False,False,False,False,False
2024-11-18,98007.0,61512.02,41396.31,False,False,False,False,False,False
2024-11-25,97291.0,62630.94,41717.06,False,False,False,False,False,False
2024-12-02,101204.0,63794.36,42028.79,False,False,False,False,False,False
2024-12-09,104427.0,65037.74,42307.61,False,False,False,False,False,False
2024-12-16,95098.0,66060.82,42495.64,False,False,False,False,False,False
2024-12-23,93557.0,67097.66,42737.22,False,False,False,False,False,False
2024-12-30,98327.0,68233.0,42974.01,False,False,False,False,False,False
2025-01-06,94497.0,69282.42,43151.42,False,False,False,False,False,False
2025-01-13,101237.0,70455.76,43370.69,False,False,False,False,False,False
2025-01-20,102573.0,71540.96,43604.6,False,False,False,False,False,False
2025-01-27,97675.0,72451.86,43801.92,False,False,False,False,False,False
2025-02-03,96477.0,73346.96,43984.41,False,False,False,False,False,False
2025-02-10,96132.0,74006.76,44183.66,False,False,False,False,False,False
2025-02-17,96262.0,74551.48,44419.33,False,False,False,False,False,False
2025-02-24,94273.0,75069.9,44607.58,False,False,False,False,False,False
2025-03-03,80708.0,75340.3,44719.6,False,False,False,False,False,False
2025-03-10,82555.0,75565.7,44900.15,False,False,False,False,False,False
2025-03-17,86084.0,75900.22,45157.03,False,False,False,False,False,False
2025-03-24,82359.0,76232.42,45390.44,False,False,False,False,False,False
2025-03-31,78342.0,76500.26,45603.11,False,False,False,False,False,False
2025-04-07,83712.0,76912.54,45826.6,False,False,False,False,False,False
2025-04-14,85198.0,77336.08,46074.64,False,False,False,False,False,False
2025-04-21,93769.0,77982.22,46369.99,False,False,False,False,False,False
2025-04-28,94316.0,78543.04,46665.12,False,False,False,False,False,False
2025-05-05,104129.0,79255.84,47014.47,False,False,False,False,False,False
2025-05-12,106520.0,80031.2,47388.19,False,False,False,False,False,False
2025-05-19,109068.0,80819.76,47756.39,False,False,False,False,False,False
2025-05-26,105705.0,81601.42,48085.72,False,False,False,False,False,False
2025-06-02,105792.0,82454.18,48395.39,False,False,False,False,False,False
2025-06-09,105617.0,83313.0,48688.33,False,False,False,False,False,False
2025-06-16,101015.0,84216.72,48946.89,False,False,False,False,False,False
2025-06-23,108384.0,85167.94,49244.77,False,False,False,False,False,False
2025-06-30,109233.0,85989.44,49531.89,False,False,False,False,False,False
2025-07-07,119135.0,87006.86,49897.39,False,False,False,False,False,False
2025-07-14,117339.0,88190.8,50247.86,False,False,False,False,False,False
2025-07-21,119469.0,89405.68,50629.18,False,False,False,False,False,False
2025-07-28,114226.0,90521.6,50959.13,False,False,False,False,False,False
2025-08-04,119310.0,91622.56,51282.11,False,False,False,False,False,False
2025-08-11,117490.0,92826.16,51561.86,False,False,False,False,False,False
2025-08-18,113478.0,93998.4,51824.7,False,False,False,False,False,False
2025-08-25,108269.0,94981.18,52059.25,False,False,False,False,False,False
2025-09-01,111144.0,95932.8,52298.47,False,False,False,False,False,False
2025-09-08,115342.0,96927.62,52547.63,False,False,False,False,False,False
2025-09-15,115292.0,97977.18,52830.7,False,False,False,False,False,False
2025-09-22,112203.0,98964.26,53105.02,False,False,False,False,False,False
2025-09-29,123519.0,100054.42,53475.3,False,False,False,False,False,False
2025-10-06,115090.0,100997.46,53800.13,False,False,False,False,False,False
2025-10-13,108684.0,101796.38,54110.02,False,False,False,False,False,False
2025-10-20,114551.0,102478.9,54428.82,False,False,False,False,False,False
2025-10-27,110530.0,102892.28,54744.72,False,False,False,False,False,False
2025-11-03,104705.0,103026.24,55058.87,False,False,False,False,False,False
2025-11-10,94187.0,102964.16,55314.26,True,False,True,False,False,False
2025-11-17,86803.0,102676.14,55566.81,True,False,False,False,False,False
2025-11-24,90382.0,102395.24,55829.01,True,False,False,False,False,False
2025-12-01,90405.0,102301.38,56068.93,True,False,False,False,False,False
2025-12-08,88164.0,102193.52,56299.37,True,False,False,False,False,False
2025-12-15,88636.0,101999.7,56550.68,True,False,False,False,False,False
2025-12-22,87870.0,101867.16,56801.46,True,False,False,False,False,False
2025-12-29,91501.0,101672.44,57066.77,True,False,False,False,False,False
2026-01-05,90872.0,101438.42,57332.18,True,False,False,False,False,False
2026-01-12,93636.0,101357.64,57594.15,True,False,False,False,False,False
2026-01-19,86567.0,101159.44,57792.66,True,False,False,False,False,False
2026-01-26,76888.0,100774.56,57945.09,True,False,False,False,False,False
2026-02-02,70283.0,100254.98,58085.84,True,False,False,False,False,False
2026-02-09,68792.0,99745.36,58231.34,True,False,False,False,False,False
2026-02-16,67612.0,99483.44,58372.07,True,False,False,False,False,False
2026-02-23,65771.0,99147.76,58508.48,True,False,False,False,False,False
2026-03-02,65975.0,98745.58,58668.23,True,False,False,False,False,False
2026-03-09,72831.0,98555.02,58875.91,True,False,False,False,False,False
2026-03-16,67860.0,98345.38,59063.88,True,False,False,False,False,False
2026-03-23,65954.0,97990.22,59246.41,True,False,False,False,False,False
2026-03-30,68999.0,97666.24,59441.96,True,False,False,False,False,False
2026-04-06,70746.0,97205.78,59662.76,True,False,False,False,False,False
2026-04-13,73825.0,96795.96,59929.13,True,False,False,False,False,False
2026-04-20,78660.0,96286.58,60217.28,True,False,False,False,False,False
2026-04-27,78565.0,95727.48,60513.63,True,False,False,False,False,False
2026-05-04,82193.0,95189.98,60820.32,True,False,False,False,False,False
2026-05-11,77412.0,94624.12,61103.37,True,False,False,False,False,False
2026-05-18,76974.88,94047.78,61375.27,True,False,False,False,False,False
2026-05-25,73567.99,93406.8,61626.49,True,False,False,False,False,False
2026-06-01,63315.72,92652.81,61827.13,True,False,False,False,False,False
2026-06-08,65712.5,91799.38,62034.1,True,False,False,False,False,False
2026-06-15,63237.18,90879.47,62242.71,True,False,False,False,False,False
2026-06-22,59473.29,89686.23,62442.29,True,True,False,False,False,False
2026-06-29,63587.06,88611.19,62660.19,True,False,False,False,False,True
2026-07-06,63743.46,87496.68,62869.74,True,False,False,False,False,False
2026-07-13,64681.58,86505.79,63096.05,True,False,False,False,False,False
2026-07-20,65338.88,85426.37,63328.69,True,False,False,False,False,False
2026-07-27,63499.99,84346.57,63550.94,True,True,False,False,False,False
2026-08-03,64857.27,83374.16,63778.0,True,False,False,False,False,False
2026-08-10,62831.66,82465.41,63995.84,True,True,False,False,False,False
2026-08-17,77716.48,81796.86,64286.55,True,False,False,False,False,True
2026-08-24,77701.7,81044.05,64571.92,True,False,False,False,False,False
2026-08-31,79237.43,80322.96,64863.57,True,False,False,False,False,False
