asset,regime_state,drawdown_cond_mean,drawdown_uncond_mean,multiplier,n_samples,multiplier_source
btc,bear_steep,0.848579,0.816502,1.0,1,fallback_to_1.0
btc,bull_steep,0.834293,0.816502,1.0,1,fallback_to_1.0
btc,normal,0.766634,0.816502,1.0,1,fallback_to_1.0
dxy,bull_steep,0.101208,0.109926,1.0,2,fallback_to_1.0
dxy,normal,0.127364,0.109926,1.0,1,fallback_to_1.0
eth,bull_steep,0.939625,0.866569,1.0,1,fallback_to_1.0
eth,normal,0.793512,0.866569,1.0,1,fallback_to_1.0
gold,bear_steep,0.260312,0.135777,1.0,1,fallback_to_1.0
gold,inverted_flat,0.108917,0.135777,1.0,1,fallback_to_1.0
gold,normal,0.038102,0.135777,1.0,1,fallback_to_1.0
mara,bull_steep,0.861427,0.936097,1.0,1,fallback_to_1.0
mara,normal,0.973432,0.936097,1.0,2,fallback_to_1.0
mstr,bear_steep,0.892666,0.892666,1.0,1,fallback_to_1.0
mstr,normal,0.0,0.892666,1.0,0,fallback_to_1.0
ndx,normal,0.213196,0.213196,1.0,3,computed
riot,bear_steep,0.957766,0.970463,1.0,1,fallback_to_1.0
riot,bull_steep,0.983161,0.970463,1.0,1,fallback_to_1.0
riot,normal,0.0,0.970463,1.0,0,fallback_to_1.0
sol,normal,0.962725,0.962725,1.0,1,fallback_to_1.0
spx,bull_steep,0.254251,0.218811,1.0,1,fallback_to_1.0
spx,normal,0.201091,0.218811,1.0,2,fallback_to_1.0
tlt,bear_steep,0.487524,0.244841,1.0,1,fallback_to_1.0
tlt,bull_steep,0.166691,0.244841,1.0,1,fallback_to_1.0
tlt,normal,0.080307,0.244841,1.0,1,fallback_to_1.0
wgmi,bull_steep,0.861427,0.936097,1.0,1,fallback_to_1.0
wgmi,normal,0.973432,0.936097,1.0,2,fallback_to_1.0
xrp,bear_steep,0.83249,0.83249,1.0,1,fallback_to_1.0
xrp,normal,0.0,0.83249,1.0,0,fallback_to_1.0
