date,open,high,low,close,volume
2025-10-16,194.27,194.8,193.53,194.25,410.46644996
2025-10-15,202.9,209.08,192.46,194.16,32914.12791986
2025-10-14,209.28,211.53,191.51,202.78,45698.42087298
2025-10-13,197.36,209.63,190.61,209.13,50187.05928886
2025-10-12,178.05,199.2,173.67,197.51,119749.35298971
2025-10-11,188.41,191.46,173.04,178.04,277581.97574603
2025-10-10,221.19,224.61,164.0,188.39,103370.2710724
2025-10-09,229.22,229.67,216.81,221.06,27314.74084324
2025-10-08,220.39,229.77,217.73,229.06,21322.09827066
2025-10-07,232.35,235.13,220.0,220.21,34840.85834361
2025-10-06,228.4,237.73,227.79,232.38,31470.56990109
2025-10-05,227.84,237.38,226.59,228.4,41086.73413094
2025-10-04,232.89,233.86,224.29,227.96,16073.93875791
2025-10-03,234.7,236.97,227.42,232.44,21891.96639773
2025-10-02,221.97,234.9,219.85,234.8,48241.8730858
2025-10-01,208.79,222.89,206.51,222.14,29339.02545727
2025-09-30,213.1,214.0,204.51,208.69,26824.07889514
2025-09-29,211.12,215.04,205.15,213.44,21366.74113451
2025-09-28,204.1,211.46,198.72,211.33,12908.66022275
2025-09-27,205.38,205.94,200.36,203.91,7855.10601576
2025-09-26,193.05,205.85,191.29,205.54,27576.08237979
2025-09-25,211.86,212.77,191.78,193.02,43300.30318768
2025-09-24,213.82,216.83,205.25,211.98,16121.77997665
2025-09-23,220.74,222.16,212.76,213.72,16694.98306111
2025-09-22,236.6,237.29,214.3,220.75,55803.104793
2025-09-21,239.69,242.1,235.79,236.66,6489.94641033
2025-09-20,238.97,241.58,237.33,239.83,3369.16781867
2025-09-19,247.58,248.47,235.62,238.89,22939.43319469
2025-09-18,244.88,253.45,242.75,247.58,19664.01271453
2025-09-17,237.04,246.68,232.45,244.85,18751.10535832
2025-09-16,234.81,241.61,231.67,237.01,25450.96324983
2025-09-15,240.27,244.48,230.64,234.81,16548.01238184
2025-09-14,242.44,249.45,239.62,240.29,13122.76242695
2025-09-13,241.97,243.92,235.45,242.45,17969.52316316
2025-09-12,228.53,243.83,228.09,241.97,22015.8784463
2025-09-11,223.91,228.81,221.72,228.52,12282.85797308
2025-09-10,217.22,225.8,215.36,223.91,28221.08580542
2025-09-09,214.11,219.47,210.95,217.22,33214.46446078
2025-09-08,206.51,217.0,205.79,214.11,21429.52277351
2025-09-07,200.25,207.95,200.21,206.52,4540.24249204
2025-09-06,203.28,204.34,199.79,200.24,7189.24211349
2025-09-05,202.67,210.24,201.33,203.3,26879.47778436
2025-09-04,211.07,212.19,202.33,202.67,4555.52867719
2025-09-03,209.92,213.26,207.79,211.06,14249.09929962
2025-09-02,197.61,209.92,197.15,209.92,31473.37021284
2025-09-01,200.98,204.71,194.61,197.49,22431.12829304
2025-08-31,203.07,206.93,200.7,200.99,13338.38561064
2025-08-30,205.43,207.27,197.82,203.07,11515.68634348
2025-08-29,214.73,218.2,200.31,205.3,35756.12244007
2025-08-28,203.23,217.05,202.19,214.73,32365.85357151
2025-08-27,196.2,212.34,194.25,203.13,33593.74961705
2025-08-26,187.54,198.41,185.93,196.2,19545.03978691
2025-08-25,206.3,213.7,185.93,187.57,49943.60897935
2025-08-24,204.42,212.21,201.48,206.28,31322.93573202
2025-08-23,200.92,208.53,195.63,204.39,34643.01705577
2025-08-22,180.69,202.45,177.67,200.93,57157.94240016
2025-08-21,188.21,190.35,179.88,180.69,16553.8578374
2025-08-20,176.54,188.22,176.52,188.22,18319.32871938
2025-08-19,183.17,186.08,176.15,176.52,21925.54676215
2025-08-18,191.17,191.49,180.26,183.17,19867.12642614
2025-08-17,189.89,195.95,187.71,191.22,23608.89921216
2025-08-16,186.05,190.21,185.45,189.9,8207.10115706
2025-08-15,192.67,198.23,183.68,186.09,42099.70205068
2025-08-14,201.3,209.49,187.0,192.67,78097.323081
2025-08-13,191.58,204.44,191.4,202.7,42375.02007883
2025-08-12,175.01,193.62,173.69,191.66,48409.0909568
2025-08-11,182.89,186.76,173.67,175.02,50260.27789974
2025-08-10,180.07,186.19,177.7,182.91,31284.94924042
2025-08-09,176.92,183.46,176.92,180.06,21379.87013313
2025-08-08,175.61,179.75,173.34,176.91,100066.8619548
2025-08-07,168.33,175.62,167.0,175.62,35339.68173542
2025-08-06,164.17,170.09,161.29,168.35,20111.855692780002
2025-08-05,169.74,171.71,161.46,164.17,22342.04550138
2025-08-04,162.18,169.91,161.6,169.73,23211.38876388
2025-08-03,158.77,163.32,156.63,162.18,14972.25471219
2025-08-02,162.94,165.5,156.12,158.8,19958.31284506
2025-08-01,172.36,172.4,159.43,162.96,66307.56634967
2025-07-31,178.01,182.84,171.75,172.2,33398.62072037
2025-07-30,181.72,182.69,170.78,177.98,24488.871598499998
2025-07-29,183.25,186.75,178.63,181.71,9460.72932887
2025-07-28,188.81,195.39,182.52,183.29,18821.00590045
2025-07-27,185.04,190.81,184.8,188.86,9415.71128911
2025-07-26,186.96,189.83,184.62,185.03,3660.01285146
2025-07-25,182.88,186.47,175.86,186.47,20222.44921169
2025-07-24,189.58,192.1,179.49,182.93,15707.8568446
2025-07-23,205.71,205.71,184.4,189.61,34664.42112463
2025-07-22,195.64,206.26,193.92,205.73,48577.080325330004
2025-07-21,181.44,199.27,178.33,195.64,53651.19710495
2025-07-20,177.03,183.55,176.44,181.47,27167.40100803
2025-07-19,177.39,178.51,174.1,177.01,12841.32148323
2025-07-18,175.9,184.78,173.44,177.39,32844.3033439
2025-07-17,173.81,178.07,168.79,175.89,16870.71592401
2025-07-16,164.12,176.02,161.83,173.74,19464.31961411
2025-07-15,162.25,164.37,157.39,164.1,9588.44978807
2025-07-14,160.93,168.53,160.56,162.26,19933.83851751
2025-07-13,160.52,163.86,159.51,160.93,4555.37083059
2025-07-12,162.72,163.65,157.56,160.47,8744.71334459
2025-07-11,164.25,168.19,159.38,162.68,9849.59848898
2025-07-10,157.27,165.25,155.94,164.2,17878.25251232
2025-07-09,151.82,158.03,150.81,157.28,13366.56103183
2025-07-08,149.06,153.0,148.12,151.77,23410.92110785
2025-07-07,152.12,153.71,147.91,149.06,5713.95924254
2025-07-06,147.73,154.0,147.0,152.11,12016.777700910001
2025-07-05,147.88,148.84,146.14,147.74,7640.71710188
2025-07-04,152.57,153.98,145.5,147.94,13978.18181934
2025-07-03,152.53,156.52,150.1,152.56,7113.37226525
2025-07-02,147.16,154.64,146.17,152.5,11645.13984711
2025-07-01,155.06,155.82,145.18,147.17,11263.06079505
2025-06-30,153.37,160.1,149.53,154.99,18130.81191905
2025-06-29,150.88,154.7,149.41,153.36,9254.94384819
2025-06-28,142.12,152.66,141.27,150.81,20357.09777261
2025-06-27,139.02,144.67,137.28,142.18,18196.76019944
2025-06-26,143.56,148.0,138.72,139.07,11088.4408717
2025-06-25,145.81,147.81,142.35,143.53,15455.63241334
2025-06-24,144.84,146.89,142.59,146.02,5963.41171936
2025-06-23,131.92,147.06,130.92,144.7,45434.05101861
2025-06-22,135.85,137.65,126.29,131.82,27616.5651706
2025-06-21,140.12,142.74,131.2,135.48,15364.43274629
2025-06-20,147.16,148.78,135.83,140.22,19502.18100496
2025-06-19,146.6,147.96,143.1,147.19,4931.1954837700005
2025-06-18,147.83,149.39,143.88,146.6,8518.97491346
2025-06-17,150.38,154.33,145.84,147.87,12397.24804639
2025-06-16,153.11,158.82,150.53,150.83,14574.09022456
2025-06-15,144.9,153.68,144.46,153.15,17667.72308978
2025-06-14,148.37,148.73,142.19,144.84,5867.25248853
2025-06-13,152.09,152.09,140.9,148.65,65683.07924215
2025-06-12,160.75,161.19,152.1,152.71,11441.31459507
2025-06-11,164.86,168.16,159.09,160.96,18094.74580955
2025-06-10,161.04,165.44,156.28,164.97,16720.31361554
2025-06-09,152.71,161.69,149.79,161.14,22507.84266137
2025-06-08,150.09,155.46,147.92,152.32,4570.1449277
2025-06-07,147.89,152.94,147.15,150.28,2953.57833933
2025-06-06,144.48,152.49,144.48,147.9,5864.89116379
2025-06-05,153.37,154.29,141.78,144.75,26311.80795862
2025-06-04,155.17,157.86,152.86,153.04,9180.22147345
2025-06-03,156.79,163.38,154.17,155.26,13296.43666415
2025-06-02,157.48,158.82,151.82,156.96,7824.00500265
2025-06-01,156.42,157.86,150.7,157.65,4723.97424348
2025-05-31,156.64,157.96,152.22,156.42,5991.37142264
2025-05-30,166.62,167.29,155.33,156.0,24598.89660504
2025-05-29,171.93,175.23,166.05,166.57,16493.01308824
2025-05-28,176.61,177.26,168.82,172.13,13852.14967723
2025-05-27,175.0,179.18,171.55,176.62,16386.9276883
2025-05-26,175.65,178.77,173.47,174.68,17923.64460233
2025-05-25,175.59,176.46,169.0,175.49,8635.39972292
2025-05-24,173.79,178.29,172.51,175.56,13935.48964376
2025-05-23,179.5,187.4,173.18,173.76,30601.48032128
2025-05-22,173.6,180.72,172.78,179.46,12073.7554157
2025-05-21,168.45,175.89,165.67,173.71,17208.12669705
2025-05-20,167.0,172.94,164.54,168.24,10725.33497575
2025-05-19,173.5,173.94,159.49,166.79,19496.51605003
2025-05-18,166.3,176.63,164.58,173.21,22547.39041348
2025-05-17,167.33,170.01,164.12,165.93,11838.87096621
2025-05-16,169.36,174.09,166.52,167.37,20726.91687513
2025-05-15,176.7,178.15,166.93,168.93,31007.72270041
2025-05-14,183.35,184.83,173.42,176.65,11208.58963942
2025-05-13,174.49,184.79,166.34,183.78,31411.06596426
2025-05-12,173.47,181.26,168.32,174.49,28392.0982787
2025-05-11,177.79,180.0,169.35,172.85,17318.37616105
2025-05-10,172.82,180.95,168.72,177.7,37508.71893469
2025-05-09,164.55,176.0,161.21,172.83,49676.81115869
2025-05-08,147.5,164.49,147.5,164.49,44346.35571377
2025-05-07,147.27,149.62,145.0,147.47,9101.305005279999
2025-05-06,147.02,147.42,141.79,146.87,6247.03416672
2025-05-05,144.2,147.97,143.13,146.96,29200.22563809
2025-05-04,147.05,148.15,144.1,144.52,19276.3561511
2025-05-03,148.04,149.12,146.04,147.06,10466.89749951
2025-05-02,150.92,151.86,147.39,148.03,10367.87958536
2025-05-01,147.88,154.0,147.83,150.9,15349.37389241
2025-04-30,146.6,148.82,140.77,147.8,20834.65112869
2025-04-29,147.92,150.38,145.26,146.61,9695.405072130001
2025-04-28,148.07,153.38,144.89,147.91,26651.24042443
2025-04-27,149.34,150.45,145.73,148.08,3857.02862453
2025-04-26,150.97,153.15,148.02,149.26,7448.41719926
2025-04-25,152.52,156.9,150.03,150.92,22235.70053357
2025-04-24,151.1,152.96,145.39,152.51,11264.32356178
2025-04-23,148.73,154.12,147.17,151.1,24781.56186579
2025-04-22,136.77,150.04,134.74,148.72,18710.81864914
2025-04-21,137.62,142.9,133.83,136.64,21700.19080936
2025-04-20,139.66,141.73,135.37,137.6,9799.33787683
2025-04-19,133.59,140.99,133.44,139.64,7812.26053933
2025-04-18,134.69,135.8,132.2,134.13,4941.16171761
2025-04-17,131.27,136.18,129.5,134.67,15269.87097308
2025-04-16,126.11,133.7,123.53,131.37,25917.39712508
2025-04-15,129.36,134.36,125.81,126.09,13950.34871247
2025-04-14,128.32,135.94,127.98,129.35,22075.32361705
2025-04-13,132.24,133.81,125.34,128.26,21689.68294425
2025-04-12,121.41,133.85,119.4,132.19,25722.86145001
2025-04-11,112.68,122.53,112.09,121.34,35440.28665366
2025-04-10,119.05,119.22,108.33,112.71,33346.27753546
2025-04-09,105.71,120.64,101.37,118.99,101227.19505078
2025-04-08,106.96,112.6,102.97,105.48,56894.06985364
2025-04-07,105.88,112.79,95.261,106.96,135828.1030673
2025-04-06,120.36,121.17,103.9,106.02,78596.56199393
2025-04-05,122.77,122.78,117.24,120.4,26697.31906236
2025-04-04,117.14,123.94,113.29,122.77,63039.92170883
2025-04-03,117.36,120.88,112.23,117.15,48879.42970578
2025-04-02,126.69,136.0,117.15,117.36,73594.09190465
2025-04-01,124.7,130.49,123.92,126.7,36540.96664801
2025-03-31,125.04,127.99,122.96,124.72,32167.45702671
2025-03-30,124.83,127.3,123.13,124.99,19476.24646066
2025-03-29,129.74,130.76,123.0,124.84,27398.80882756
2025-03-28,138.55,139.14,128.06,129.74,27272.08571853
2025-03-27,137.65,140.43,135.82,138.55,8838.25452359
2025-03-26,143.92,145.6,136.27,137.65,24087.72055499
2025-03-25,141.16,147.67,138.39,143.9,32923.16490544
2025-03-24,133.03,145.04,132.36,141.28,24272.06692593
2025-03-23,128.63,134.23,128.41,133.04,18827.9346909
2025-03-22,128.66,132.05,127.92,128.63,13000.63927046
2025-03-21,127.65,130.26,125.01,128.66,16720.97457491
2025-03-20,135.71,136.25,126.82,127.66,14396.70745336
2025-03-19,125.63,136.29,124.49,135.64,48800.69287218
2025-03-18,128.37,128.37,122.08,125.63,29994.29429693
2025-03-17,126.36,130.86,125.89,128.36,28529.01582891
2025-03-16,136.2,137.04,125.55,126.4,32323.39216316
2025-03-15,133.84,136.88,132.77,136.09,22918.53602456
2025-03-14,123.66,136.36,123.27,133.83,60418.7329454
2025-03-13,126.91,129.08,121.13,123.68,32018.84030436
2025-03-12,125.63,131.67,121.59,126.92,59086.87257923
2025-03-11,118.63,128.65,112.55,125.63,126721.33045256
2025-03-10,126.87,131.85,115.79,118.6,79255.55062107
2025-03-09,137.4,140.4,125.75,126.82,53625.01093419
2025-03-08,139.66,141.41,135.75,137.41,9360.32414752
2025-03-07,143.66,151.24,135.49,139.68,97319.77196295
2025-03-06,146.66,153.23,142.81,143.63,62113.85528778
2025-03-05,145.13,150.05,140.56,146.74,79179.78843108
2025-03-04,142.51,147.31,131.12,145.16,138202.89570526
2025-03-03,179.75,180.21,139.65,142.55,132085.80399641
2025-03-02,144.18,181.47,140.54,179.7,163892.61823739
2025-03-01,148.63,151.39,139.06,144.16,48338.99131768
2025-02-28,138.13,149.22,125.9,148.59,119154.48215997
2025-02-27,135.69,143.22,135.01,138.13,28748.7522543
2025-02-26,144.56,145.54,131.16,135.69,73678.13562285
2025-02-25,142.31,147.29,132.32,144.57,140448.59234143
2025-02-24,168.27,169.86,137.88,142.37,113145.65854132
2025-02-23,172.32,173.26,166.21,168.17,32970.10125596
2025-02-22,169.22,174.87,168.52,172.34,6771.71106599
2025-02-21,176.27,180.71,167.41,169.21,24257.23331068
2025-02-20,169.28,176.82,168.02,176.27,23181.17286835
2025-02-19,169.65,174.56,164.09,169.25,36502.9880045
2025-02-18,177.77,179.37,161.25,169.64,67448.20682194
2025-02-17,188.53,189.85,175.02,177.83,61726.40233733
2025-02-16,194.56,196.25,186.48,188.54,22386.16503964
2025-02-15,199.45,200.23,192.69,194.6,7979.76857338
2025-02-14,194.69,205.2,194.43,199.53,13803.99074181
2025-02-13,196.96,198.37,189.17,194.69,14685.11691892
2025-02-12,198.37,198.85,188.88,196.94,24360.04492841
2025-02-11,200.66,206.32,195.42,198.37,21063.16537124
2025-02-10,200.68,209.28,196.13,200.75,43614.93034773
2025-02-09,199.65,207.43,193.98,200.65,33050.21463997
2025-02-08,192.22,201.02,189.88,199.7,16120.88385824
2025-02-07,189.81,203.59,188.25,192.22,45174.83528333
2025-02-06,196.22,204.1,187.65,189.79,36184.83894266
2025-02-05,206.66,209.3,195.22,196.21,36066.2826954
2025-02-04,216.17,219.75,202.11,206.72,85548.39881731
2025-02-03,203.2,218.53,176.0,216.22,188306.18153172
2025-02-02,213.08,218.87,192.48,203.13,84873.07624043
2025-02-01,231.84,234.18,212.92,213.0,21206.25742987
2025-01-31,238.39,241.85,228.48,231.84,16031.20464255
2025-01-30,228.29,244.8,227.06,238.42,21853.8425588
2025-01-29,227.28,238.56,222.75,228.29,20154.24747181
2025-01-28,235.43,244.14,225.42,227.36,18951.92984688
2025-01-27,240.5,242.75,220.98,235.43,66425.30496049
2025-01-26,256.35,260.06,240.62,240.75,21953.67203556
2025-01-25,253.18,260.79,246.43,256.19,18802.14443771
2025-01-24,253.2,270.02,247.27,253.18,38876.66597066
2025-01-23,257.39,258.46,242.25,253.13,45199.88863074
2025-01-22,250.3,272.0,248.54,257.48,69459.3623895
2025-01-21,242.08,259.89,230.16,250.34,77598.8677681
2025-01-20,252.24,272.85,229.88,242.02,109641.18947256
2025-01-19,261.82,295.1,238.0,252.24,181743.14941623
2025-01-18,219.42,270.33,217.37,261.82,134549.51649852
2025-01-17,211.11,221.84,210.06,219.42,36667.47166832
2025-01-16,205.91,216.89,198.17,211.1,41006.98134054
2025-01-15,187.76,205.93,186.15,205.92,34566.10780783
2025-01-14,183.04,190.41,182.11,187.76,20907.5419781
2025-01-13,188.55,192.0,169.25,183.02,47868.627153
2025-01-12,188.15,190.99,185.43,188.66,10960.352031030001
2025-01-11,188.0,192.01,184.44,188.39,13661.07614842
2025-01-10,185.93,193.39,184.0,187.71,27387.50084245
2025-01-09,197.9,199.3,182.46,185.45,24644.88156094
2025-01-08,202.77,203.32,189.0,197.84,32956.70523629
2025-01-07,218.2,219.19,201.91,202.22,23548.50360723
2025-01-06,213.8,223.22,211.74,218.5,12461.19630566
2025-01-05,216.64,219.0,211.53,213.61,8893.66182236
2025-01-04,217.78,218.12,213.84,216.77,8185.60235177
2025-01-03,208.56,219.86,205.73,217.92,21633.56042632
2025-01-02,194.87,210.43,193.59,207.91,30687.66014442
2025-01-01,190.0,195.65,188.56,194.43,15606.82105346
2024-12-31,191.63,199.48,188.43,189.75,17817.36723213
2024-12-30,190.25,196.63,186.17,191.66,12563.88301816
2024-12-29,195.94,197.79,188.89,190.39,6173.18151553
2024-12-28,184.62,196.41,184.25,195.75,4790.73723142
2024-12-27,189.1,194.55,183.09,184.46,5679.89025363
2024-12-26,197.87,199.72,186.85,188.65,18913.52614506
2024-12-25,196.92,201.84,195.12,197.54,17499.03865631
2024-12-24,190.17,199.16,186.26,197.11,21318.06378393
2024-12-23,180.02,193.62,176.65,190.25,31406.7698866
2024-12-22,181.52,187.84,177.25,180.47,18650.01892485
2024-12-21,194.56,201.9,178.42,181.16,48675.57075521
2024-12-20,194.54,199.56,175.63,194.57,61683.78423347
2024-12-19,206.55,212.31,187.07,194.04,71083.19884067
2024-12-18,223.14,225.7,204.8,206.99,48851.77099701
2024-12-17,215.98,228.6,211.37,222.54,23832.67814057
2024-12-16,224.43,227.17,213.07,216.08,21024.56282813
2024-12-15,219.61,225.11,215.63,224.36,11880.20133793
2024-12-14,224.42,227.27,215.13,219.64,8163.6206140799995
2024-12-13,227.16,228.4,220.65,224.82,12944.54921685
2024-12-12,226.84,234.6,225.71,227.03,30976.52567852
2024-12-11,213.85,230.52,211.72,227.33,27508.80397931
2024-12-10,216.76,221.2,203.6,214.06,40690.06638518
2024-12-09,237.17,237.2,201.65,216.89,57837.47324315
2024-12-08,238.24,241.65,233.52,237.35,8386.27817405
2024-12-07,236.97,243.71,234.4,238.37,10417.38209354
2024-12-06,235.61,246.46,231.19,236.91,24879.02797015
2024-12-05,229.5,244.87,223.38,235.88,68102.09187652
2024-12-04,234.27,241.0,225.09,229.27,31825.28688795
2024-12-03,225.88,239.65,215.57,234.45,73097.8092151
2024-12-02,237.12,238.41,220.69,226.05,55555.52545103
2024-12-01,237.83,240.14,234.68,236.83,12446.57647892
2024-11-30,243.43,245.6,237.83,237.88,18346.45472954
2024-11-29,238.0,247.0,236.9,243.67,10144.35029816
2024-11-28,241.95,245.29,233.08,237.76,12982.80211169
2024-11-27,230.8,243.37,227.95,242.15,22496.44359775
2024-11-26,234.21,239.97,222.15,231.47,32594.7684352
2024-11-25,251.98,256.09,231.59,234.53,49051.5753725
2024-11-24,254.9,259.19,241.14,252.7,34081.81500307
2024-11-23,256.34,263.33,252.61,254.58,40287.79955986
2024-11-22,256.28,263.98,250.56,256.49,49146.64444096
2024-11-21,235.75,259.46,229.56,256.75,68710.57553902
2024-11-20,237.05,242.31,230.51,235.3,24061.90672174
2024-11-19,239.82,247.49,233.36,237.56,45980.54581031
2024-11-18,237.34,248.49,234.04,239.71,46296.48983061
2024-11-17,216.18,242.01,212.14,237.9,91270.92251477
2024-11-16,218.35,221.98,213.42,215.72,41315.82435458
2024-11-15,209.64,220.57,204.48,218.38,30908.54972442
2024-11-14,215.41,222.69,206.82,209.47,37729.48191271
2024-11-13,211.67,220.43,200.9,215.29,63095.00230628
2024-11-12,222.01,225.0,205.0,211.49,43286.18909956
2024-11-11,210.63,223.87,204.22,221.9,56690.96474509
2024-11-10,199.86,215.38,198.71,210.14,55382.91109989
2024-11-09,199.95,203.48,195.05,200.09,17136.1955033
2024-11-08,196.47,205.04,195.64,199.94,29408.62250778
2024-11-07,186.53,197.66,185.89,196.34,25112.80446651
2024-11-06,167.01,190.0,166.72,186.69,62551.49903875
2024-11-05,157.95,169.42,157.04,166.93,17738.0001468
2024-11-04,162.49,165.05,155.19,158.03,22612.68335543
2024-11-03,166.1,166.43,158.12,162.51,9057.86312176
2024-11-02,166.24,168.66,162.11,165.97,3710.71152243
2024-11-01,168.76,173.98,163.77,166.46,12653.56248885
2024-10-31,175.17,176.63,167.68,168.8,14086.11951481
2024-10-30,179.5,181.29,173.34,175.13,9137.86696565
2024-10-29,178.48,183.2,176.07,179.38,15162.41207098
2024-10-28,176.62,179.71,172.73,178.1,10201.34665925
2024-10-27,170.71,178.28,170.36,176.77,5528.11119116
2024-10-26,164.89,173.1,162.56,170.77,6120.62282578
2024-10-25,177.17,177.55,159.29,165.05,18235.71268037
2024-10-24,170.84,179.12,170.64,177.0,23768.16089542
2024-10-23,167.56,174.05,164.26,170.86,12054.37637518
2024-10-22,166.23,170.89,163.26,167.39,5980.93328853
2024-10-21,167.46,171.56,161.54,166.4,23520.70981241
2024-10-20,159.76,167.91,157.74,167.24,18041.40390412
2024-10-19,154.92,159.81,153.69,159.66,3156.27263201
2024-10-18,150.63,156.58,149.79,154.98,3662.89710173
2024-10-17,154.71,155.72,147.85,150.37,5077.45019556
2024-10-16,154.88,158.37,153.2,154.33,5929.7351814
2024-10-15,157.85,159.64,150.52,154.84,14648.26272813
2024-10-14,148.07,158.32,147.22,157.73,12133.4728675
2024-10-13,146.69,149.07,144.85,148.0,4491.50207085
2024-10-12,145.77,147.45,144.95,146.67,4005.14924507
2024-10-11,139.1,146.56,138.73,145.46,4938.81364416
2024-10-10,139.25,140.87,135.59,139.03,8341.24166403
2024-10-09,143.74,145.46,138.79,139.41,6284.15679859
2024-10-08,144.22,145.63,141.4,143.59,10989.55831574
2024-10-07,146.45,152.34,143.7,143.95,12408.89598829
2024-10-06,142.73,146.84,142.14,146.51,4526.59258495
2024-10-05,143.59,145.11,141.21,142.74,5722.99408878
2024-10-04,137.13,144.82,136.2,143.48,7621.41713585
2024-10-03,140.45,143.27,133.52,137.0,14050.89191379
2024-10-02,145.3,149.17,139.0,140.57,8839.83784423
2024-10-01,153.05,157.57,142.63,145.69,15825.8320033
2024-09-30,158.66,159.99,152.08,152.98,11205.08462382
2024-09-29,157.22,162.1,155.49,159.0,7664.78813674
2024-09-28,158.29,159.65,155.27,157.11,4656.35156057
2024-09-27,155.75,161.63,154.19,158.01,8811.25394284
2024-09-26,148.25,158.25,146.95,155.87,27190.37136657
2024-09-25,153.13,154.0,147.66,148.39,6281.85532323
2024-09-24,145.15,154.09,143.48,153.01,19481.12389791
2024-09-23,144.96,149.21,142.43,145.05,15274.54211853
2024-09-22,149.65,150.0,141.44,144.88,8120.28027133
2024-09-21,146.59,150.0,144.79,149.64,5942.1470563
2024-09-20,143.11,152.45,141.42,146.7,35542.4178569
2024-09-19,134.54,144.23,134.54,143.09,30202.50722121
2024-09-18,131.82,134.49,127.36,134.49,15908.86317974
2024-09-17,131.72,135.72,130.4,131.8,10862.54403752
2024-09-16,131.73,132.78,129.29,131.76,7916.39733122
2024-09-15,137.45,138.28,130.83,131.77,6985.84581474
2024-09-14,139.36,139.92,136.0,137.45,5025.8814524399995
2024-09-13,136.45,140.01,132.04,139.31,6971.67208305
2024-09-12,132.79,137.09,132.77,136.48,28007.17793975
2024-09-11,135.95,136.13,128.62,132.69,7518.47390476
2024-09-10,135.14,138.32,132.8,135.89,20457.62854771
2024-09-09,130.54,137.25,127.38,135.1,7737.59805679
2024-09-08,127.8,131.86,126.95,130.4,4563.38620487
2024-09-07,125.39,129.89,124.48,127.95,8030.89663317
2024-09-06,129.93,134.46,120.91,125.43,31744.18428724
2024-09-05,133.94,135.79,128.33,129.66,10877.29920242
2024-09-04,127.98,135.46,124.0,133.62,24789.68817697
2024-09-03,135.24,138.04,127.55,127.68,25719.07670299
2024-09-02,128.78,135.77,127.33,135.28,8430.43887406
2024-09-01,135.52,136.51,128.22,128.97,18857.85149546
2024-08-31,138.44,139.66,134.92,135.71,9521.15859316
2024-08-30,140.41,141.35,132.5,138.44,36176.99553963
2024-08-29,144.39,147.68,138.47,140.2,11820.33564388
2024-08-28,146.84,149.29,141.11,144.17,25503.69417262
2024-08-27,157.5,159.85,145.35,147.11,20492.33683154
2024-08-26,159.38,162.21,156.0,157.4,14008.7946075
2024-08-25,160.59,162.1,155.52,159.22,6718.40110303
2024-08-24,153.56,162.48,152.29,160.85,8328.44745515
2024-08-23,143.42,154.45,143.07,153.43,14102.036637
2024-08-22,143.1,144.97,140.92,143.49,6831.99505674
2024-08-21,143.12,144.63,139.19,142.9,11340.43877001
2024-08-20,144.49,149.0,141.39,142.63,10634.50055644
2024-08-19,142.59,146.35,140.7,144.61,14881.50466938
2024-08-18,141.8,147.58,140.81,142.66,21394.53329342
2024-08-17,139.28,142.16,138.01,142.14,8722.88795767
2024-08-16,142.78,145.0,136.47,139.39,44009.86980388
2024-08-15,144.05,147.64,138.03,142.74,41534.45469649
2024-08-14,146.69,152.29,142.96,143.91,25161.93505021
2024-08-13,146.61,150.03,143.24,146.76,15820.88459221
2024-08-12,141.64,150.96,141.64,146.57,39000.82381225
2024-08-11,154.22,158.02,141.48,141.71,30615.22627655
2024-08-10,156.24,158.8,152.87,154.15,5731.49331629
2024-08-09,163.48,163.72,151.06,156.63,10184.90774801
2024-08-08,144.59,163.72,141.65,163.31,41321.45270591
2024-08-07,144.54,155.31,142.68,144.96,18697.8227389
2024-08-06,129.91,149.87,129.91,144.91,30403.17063402
2024-08-05,138.9,139.53,109.79,130.07,148874.73192826
2024-08-04,143.05,146.18,131.62,138.48,32306.46644565
2024-08-03,152.8,154.11,140.1,142.66,21801.69713694
2024-08-02,167.54,169.48,150.21,153.05,24209.29310473
2024-08-01,171.94,173.08,158.29,167.69,17715.75345506
2024-07-31,179.36,184.66,171.92,171.92,11326.51722237
2024-07-30,183.19,185.0,175.72,179.49,9358.72838694
2024-07-29,184.94,194.32,182.08,183.3,19564.19326164
2024-07-28,184.08,187.05,181.71,185.37,4222.42194415
2024-07-27,183.5,188.63,178.63,184.2,12429.39244741
2024-07-26,172.04,184.0,172.04,183.25,16729.15330072
2024-07-25,178.37,179.88,165.67,172.47,12085.0098852
2024-07-24,173.45,182.8,171.51,178.14,26798.44061676
2024-07-23,179.66,180.89,170.72,173.02,13172.1433661
2024-07-22,184.95,185.06,177.06,179.36,14223.94553114
2024-07-21,174.19,185.34,170.84,184.87,22810.88271759
2024-07-20,169.59,175.47,167.61,174.01,16060.69698447
2024-07-19,159.35,172.64,156.41,169.39,21821.76001863
2024-07-18,155.86,161.73,155.55,159.37,7436.68240217
2024-07-17,160.84,163.87,155.0,155.83,12619.22773303
2024-07-16,159.84,162.87,153.0,160.69,13544.03722903
2024-07-15,148.19,160.22,147.4,159.73,19898.7004505
2024-07-14,142.49,148.84,142.49,147.74,8167.60606968
2024-07-13,139.41,143.91,138.45,142.28,5494.43370366
2024-07-12,136.02,140.85,134.35,139.88,6460.0038658799995
2024-07-11,142.32,146.27,136.06,136.07,9456.74571268
2024-07-10,141.61,146.54,139.08,142.35,6072.06268808
2024-07-09,139.91,144.5,136.84,141.71,8902.61607858
2024-07-08,132.05,142.2,128.27,140.19,24088.54569202
2024-07-07,143.38,143.38,131.67,131.94,15451.82367005
2024-07-06,134.51,144.34,132.68,143.34,9817.13625092
2024-07-05,128.09,136.62,121.22,134.61,29302.75820872
2024-07-04,141.28,142.81,127.51,127.99,26713.66499587
2024-07-03,154.3,154.58,139.34,141.15,8403.51469869
2024-07-02,146.79,155.11,146.34,154.15,9184.71297313
2024-07-01,146.67,149.4,146.08,146.79,8889.69671403
2024-06-30,140.42,147.7,137.39,146.72,7416.51121764
2024-06-29,140.31,143.41,139.83,140.31,4771.74973582
2024-06-28,149.87,150.97,139.33,140.17,10737.00186856
2024-06-27,136.99,151.44,135.42,149.91,16872.40447974
2024-06-26,136.83,140.48,134.99,136.7,8495.05036197
2024-06-25,132.33,139.84,131.5,136.71,14985.75894005
2024-06-24,128.7,132.7,122.75,132.4,30159.589663849998
2024-06-23,133.93,135.24,128.45,128.81,16713.35101873
2024-06-22,134.7,136.77,133.24,133.95,2069.61141893
2024-06-21,133.89,135.5,129.0,134.86,11042.44487143
2024-06-20,135.34,141.47,132.2,133.73,6506.13900525
2024-06-19,137.05,142.01,134.71,135.85,8986.54597315
2024-06-18,143.38,143.87,128.02,137.54,31620.84932837
2024-06-17,151.3,151.61,140.0,143.53,7770.09473059
2024-06-16,145.48,151.36,143.08,151.29,2963.46006936
2024-06-15,143.04,145.67,143.02,145.48,2019.44877263
2024-06-14,147.39,148.97,139.67,143.03,14270.02946951
2024-06-13,154.88,154.99,146.08,147.36,11535.17452461
2024-06-12,149.42,161.86,145.65,155.23,16960.7905055
2024-06-11,159.0,159.65,145.34,149.38,15134.83433991
2024-06-10,161.79,163.03,157.6,159.0,3806.07675175
2024-06-09,157.89,162.93,156.61,162.02,3945.20943544
2024-06-08,162.55,164.39,157.5,157.87,21303.30240234
2024-06-07,170.16,172.76,153.0,162.55,35255.45953154
2024-06-06,173.38,174.41,167.75,170.25,16851.40193379
2024-06-05,171.88,175.58,171.24,173.67,13553.21187774
2024-06-04,165.06,171.9,164.56,171.89,10621.38524131
2024-06-03,163.15,167.24,161.91,164.85,13319.58533562
2024-06-02,166.15,167.21,161.47,163.31,4918.39433432
2024-06-01,166.14,167.84,165.76,166.14,2063.10973071
2024-05-31,166.98,170.92,164.11,165.72,8346.0349976
2024-05-30,168.72,172.76,163.77,167.15,15811.40143599
2024-05-29,169.0,174.19,167.47,168.56,7303.3124131
2024-05-28,170.24,173.41,165.14,168.96,11368.28215191
2024-05-27,163.48,172.24,163.48,170.24,10632.00670758
2024-05-26,168.51,168.51,161.18,163.48,8740.36948495
2024-05-25,167.81,170.64,166.11,168.69,7291.68546326
2024-05-24,176.24,176.24,162.56,167.91,19429.29234508
2024-05-23,177.27,181.34,166.0,176.29,21393.46265746
2024-05-22,178.33,183.48,175.18,177.1,29702.46473618
2024-05-21,186.62,188.91,174.74,178.3,54412.12868976
2024-05-20,170.49,188.55,167.82,186.83,30833.41761628
2024-05-19,172.61,175.56,166.36,170.32,10090.73710625
2024-05-18,169.4,176.3,169.0,172.63,9012.90347597
2024-05-17,159.66,172.33,159.66,169.7,14999.61105206
2024-05-16,158.55,164.86,156.94,159.25,23858.0032906
2024-05-15,142.41,159.0,141.41,158.77,14132.86815828
2024-05-14,147.32,149.28,142.13,142.29,10595.0634364
2024-05-13,144.11,151.05,138.29,147.69,11053.1421615
2024-05-12,145.93,147.97,142.72,143.92,3694.84063694
2024-05-11,146.07,147.63,143.3,145.51,8565.48161656
2024-05-10,153.01,156.0,144.59,146.03,43049.58407848
2024-05-09,142.34,153.64,140.68,152.89,17775.68314309
2024-05-08,148.75,150.09,140.34,142.49,16156.65763125
2024-05-07,153.17,159.42,148.16,148.29,10462.74332676
2024-05-06,146.24,157.07,145.88,152.88,18514.99040087
2024-05-05,146.51,148.2,143.52,146.09,7200.36689032
2024-05-04,144.04,149.25,142.52,146.25,7792.42170104
2024-05-03,137.83,145.18,136.12,143.99,22971.3643573
2024-05-02,134.85,141.16,128.57,137.9,40983.93434892
2024-05-01,127.04,136.06,119.0,134.88,63749.34043841
2024-04-30,138.04,139.94,121.5,127.17,44400.02539336
2024-04-29,138.21,139.14,133.97,137.83,16218.13900945
2024-04-28,141.64,144.95,137.32,138.37,12247.49405999
2024-04-27,139.44,143.35,133.34,141.54,37958.43126514
2024-04-26,145.14,146.23,139.03,139.31,6666.67730815
2024-04-25,147.66,149.5,142.26,144.92,7708.10680941
2024-04-24,155.02,159.83,145.85,148.03,17521.47465445
2024-04-23,157.19,160.07,153.33,154.73,11290.70544337
2024-04-22,148.99,158.58,146.83,157.12,18161.80397281
2024-04-21,151.18,153.61,146.99,148.89,10364.10351597
2024-04-20,142.49,152.37,139.89,151.33,9074.88851251
2024-04-19,142.15,147.64,128.65,142.51,25588.44588058
2024-04-18,132.12,143.84,127.93,142.14,44352.682087709996
2024-04-17,136.25,142.76,127.25,132.14,23266.62807364
2024-04-16,138.8,140.81,126.7,136.25,28172.42260136
2024-04-15,151.34,156.3,134.05,138.71,54166.52258974
2024-04-14,138.59,152.92,130.75,151.65,44684.79488113
2024-04-13,153.0,154.71,115.79,138.94,113043.50154839
2024-04-12,172.71,175.99,141.81,153.14,88657.61741498
2024-04-11,173.22,176.36,170.24,172.88,5872.03051299
2024-04-10,172.36,175.67,162.43,173.37,12953.0569261
2024-04-09,180.67,180.96,169.18,172.39,20805.53914659
2024-04-08,179.35,185.51,175.28,181.01,87466.79568032
2024-04-07,178.82,182.58,176.83,179.67,4288.3586129
2024-04-06,174.01,179.89,173.65,178.65,7671.76640088
2024-04-05,183.56,185.06,168.2,174.27,24690.42885135
2024-04-04,184.9,190.22,180.19,184.02,6447.20864384
2024-04-03,181.56,191.78,177.2,185.09,9661.35998064
2024-04-02,192.35,192.35,176.02,181.42,16444.07777081
2024-04-01,202.77,204.47,187.25,192.26,14673.27359474
2024-03-31,194.64,203.39,194.04,202.77,12473.66024062
2024-03-30,191.74,199.95,190.98,194.49,17590.31167049
2024-03-29,189.55,192.85,183.57,192.08,11230.94464953
2024-03-28,186.08,190.88,181.08,189.95,8046.32610467
2024-03-27,190.42,192.59,180.27,186.31,20232.809561
2024-03-26,188.59,196.29,186.39,190.44,16212.70258528
2024-03-25,184.15,194.63,181.09,188.93,41454.37524752
2024-03-24,172.66,186.87,171.46,184.19,13613.54825184
2024-03-23,175.12,179.11,170.52,172.78,21605.4390739
2024-03-22,179.45,182.18,167.58,174.76,23956.97155403
2024-03-21,191.79,195.78,176.23,179.2,42983.83834738
2024-03-20,170.03,193.35,160.67,191.95,53275.55367208
2024-03-19,195.95,198.6,166.2,170.14,88260.13643199
2024-03-18,202.05,210.0,194.17,195.85,45043.99380551
2024-03-17,182.3,204.55,178.68,202.06,25772.13832952
2024-03-16,184.27,197.6,177.0,182.09,41508.66810405
2024-03-15,176.5,189.0,164.44,183.7,46408.58985606
2024-03-14,164.0,178.12,159.25,176.47,67365.26313992
2024-03-13,150.86,166.45,148.73,163.59,42794.0377153
2024-03-12,148.4,154.76,141.05,150.84,119154.74646591
2024-03-11,144.13,149.96,136.64,148.65,51526.9565142
2024-03-10,144.24,148.39,140.34,144.33,12685.30254682
2024-03-09,144.49,148.92,143.58,144.01,11087.83385837
2024-03-08,144.0,152.3,141.64,144.8,24637.29268332
2024-03-07,130.76,149.31,130.67,143.69,39145.58422159
2024-03-06,125.89,134.99,120.12,130.85,45834.58500528
2024-03-05,133.03,142.57,106.33,125.68,77898.10673109
2024-03-04,130.45,135.02,127.44,133.03,76067.88410438
2024-03-03,129.92,132.06,124.27,130.18,17703.44451579
2024-03-02,129.34,131.66,127.17,129.82,16961.20929821
2024-03-01,126.0,137.99,125.99,129.23,27075.3672224
2024-02-29,118.93,134.5,117.12,125.59,95019.33737493
2024-02-28,108.45,118.96,105.0,118.96,58412.09200776
2024-02-27,109.9,112.15,105.17,108.34,36347.4751008
2024-02-26,103.15,110.55,100.36,109.72,24415.39674684
2024-02-25,104.09,104.54,102.12,103.41,9878.02228736
2024-02-24,99.889,104.92,98.5,104.17,11313.11593453
2024-02-23,101.7,103.04,98.516,99.847,13403.06494333
2024-02-22,104.87,106.99,101.51,101.69,10603.43121515
2024-02-21,108.02,108.22,100.22,105.06,12534.83387811
2024-02-20,111.53,111.93,103.0,108.2,20643.2191423
2024-02-19,112.12,114.78,110.81,111.4,14223.71047651
2024-02-18,108.79,114.05,107.53,112.05,18269.56844806
2024-02-17,110.18,111.03,105.6,109.08,6160.92235766
2024-02-16,113.19,114.0,108.01,110.39,9890.96458902
2024-02-15,117.06,118.11,111.52,113.61,26080.29681794
2024-02-14,112.46,118.72,110.86,116.74,22334.49317426
2024-02-13,111.99,115.25,108.36,112.73,26071.55712951
2024-02-12,107.47,112.22,103.53,111.97,26923.9109299
2024-02-11,109.18,110.77,107.38,107.56,9663.0481209
2024-02-10,107.16,110.86,107.16,109.22,14196.18756755
2024-02-09,102.78,109.19,102.78,107.0,23172.49511216
2024-02-08,101.09,104.94,100.47,102.72,10993.92265473
2024-02-07,96.891,101.5,94.624,100.75,8439.0793324
2024-02-06,95.501,97.831,93.106,96.84,18829.47467413
2024-02-05,95.452,98.623,94.153,95.753,9326.70202477
2024-02-04,97.81,98.548,95.051,95.47,4594.82988654
2024-02-03,100.3,101.16,96.627,97.865,5481.24439382
2024-02-02,97.635,102.56,97.46,100.52,15302.36641416
2024-02-01,97.305,98.054,93.153,97.885,21001.91079393
2024-01-31,101.6,102.72,96.0,96.963,24857.79945966
2024-01-30,101.76,106.46,101.05,101.39,23432.95364354
2024-01-29,95.74,102.0,95.1,101.65,12527.4835878
2024-01-28,94.007,99.387,93.44,95.839,25769.53120931
2024-01-27,92.299,94.486,90.72,94.243,5235.9195769
2024-01-26,86.886,93.7,86.123,92.228,8996.35528733
2024-01-25,88.698,89.701,85.109,87.015,5620.98580671
2024-01-24,84.5,89.467,83.376,88.932,15496.19646656
2024-01-23,83.851,86.027,78.99,84.386,28530.78965519
2024-01-22,91.166,92.088,82.172,83.892,30867.60356977
2024-01-21,92.974,94.093,90.95,91.28,3851.86754981
2024-01-20,93.466,94.379,90.415,92.995,7798.48728197
2024-01-19,94.327,95.5,87.16,93.734,23028.73252489
2024-01-18,102.13,103.56,91.39,94.446,18615.27314154
2024-01-17,97.822,102.86,96.672,102.18,16813.41648613
2024-01-16,94.524,98.748,94.274,97.659,6778.43191751
2024-01-15,93.769,96.928,93.001,94.4,9058.06056035
2024-01-14,95.959,102.95,93.7,94.039,18526.48530389
2024-01-13,92.066,97.08,89.561,95.828,9185.2008952
2024-01-12,99.843,100.41,86.372,92.094,37182.6740914
2024-01-11,101.98,106.92,97.58,99.837,37334.01497695
2024-01-10,99.348,105.37,92.2,102.16,51753.12080062
2024-01-09,97.866,105.48,95.5,99.31,42186.95884462
2024-01-08,89.201,99.94,85.348,97.619,30109.16637732
2024-01-07,93.774,96.844,87.87,89.5,18233.86114329
2024-01-06,100.04,100.39,91.602,93.924,17884.86877289
2024-01-05,105.1,105.47,95.35,99.818,33758.22954664
2024-01-04,98.6,108.26,96.67,105.22,30619.21322566
2024-01-03,106.81,110.0,85.0,98.726,74586.82040802
2024-01-02,109.96,117.03,106.19,106.83,31434.36129768
2024-01-01,101.9,109.99,101.61,109.99,16717.59778335
2023-12-31,102.04,105.28,99.63,101.84,15182.66543135
2023-12-30,106.26,107.59,100.87,101.98,11765.0463331
2023-12-29,101.96,110.0,99.616,106.33,34680.85789829
2023-12-28,106.74,109.63,97.371,101.94,37021.60394403
2023-12-27,112.71,115.42,104.83,106.86,34563.09668653
2023-12-26,121.15,121.44,102.02,112.59,74843.79952002
2023-12-25,112.76,126.66,108.13,120.99,54709.08029041
2023-12-24,108.05,118.34,107.51,112.62,74697.40074092
2023-12-23,98.29,110.19,92.98,108.05,57520.65249969
2023-12-22,94.099,99.5,90.5,98.242,53668.69609394
2023-12-21,82.39,95.672,81.235,93.96,53298.82351583
2023-12-20,73.112,84.142,73.087,82.29,62495.43843667
2023-12-19,74.49,76.388,71.88,73.14,18374.01367447
2023-12-18,70.951,75.494,67.084,74.44,24082.78223888
2023-12-17,73.895,75.08,70.579,70.954,10087.3208867
2023-12-16,72.435,77.275,71.332,73.732,23024.08196865
2023-12-15,75.654,79.607,72.25,72.706,39951.99028846
2023-12-14,70.638,76.272,68.36,75.736,39932.71739016
2023-12-13,68.502,72.704,63.737,70.686,45309.2948703
2023-12-12,70.305,72.434,65.858,68.464,39815.13079802
2023-12-11,74.94,75.025,64.4,70.335,65758.50868663
2023-12-10,72.39,74.899,70.771,74.89,12928.09394133
2023-12-09,74.751,77.735,71.71,72.34,37409.30023562
2023-12-08,67.768,75.266,67.768,74.824,34941.55429921
2023-12-07,61.916,69.414,61.71,67.78,39115.99875545
2023-12-06,61.148,66.56,61.101,61.91,54771.39879084
2023-12-05,61.521,62.541,59.054,60.981,21070.60931279
2023-12-04,62.99,65.185,59.415,61.557,29236.47841653
2023-12-03,63.76,65.448,62.185,62.911,14730.0759925
2023-12-02,59.699,63.89,59.699,63.63,26574.23937703
2023-12-01,59.3,61.8,58.64,59.764,16111.77923185
2023-11-30,59.341,61.64,58.779,59.242,29736.13676501
2023-11-29,58.245,61.753,57.726,59.293,100389.34787836
2023-11-28,55.088,58.6,54.022,58.127,16659.88055908
2023-11-27,57.552,57.979,53.514,55.149,43000.81772442
2023-11-26,58.86,59.01,56.102,57.696,23386.56972448
2023-11-25,56.662,59.804,55.703,58.842,23831.58938743
2023-11-24,56.53,58.829,56.253,56.84,18623.32008329
2023-11-23,57.648,59.639,56.172,56.42,21350.589442380002
2023-11-22,51.641,58.875,51.396,57.544,30928.04976131
2023-11-21,56.469,57.374,51.306,51.689,86437.96286682
2023-11-20,61.121,61.286,56.001,56.583,38460.84965916
2023-11-19,58.34,62.081,56.766,61.124,25335.86945445
2023-11-18,58.582,59.38,54.803,58.602,38660.92374212
2023-11-17,57.812,60.572,54.149,58.573,90405.90286575
2023-11-16,65.641,68.13,56.479,57.654,84743.12074887
2023-11-15,56.83,67.092,56.174,65.518,101559.7870908
2023-11-14,51.627,57.932,51.294,56.862,83457.9264526
2023-11-13,56.186,59.808,51.599,51.665,95386.38361265999
2023-11-12,56.317,61.94,54.519,56.3,83292.68146018
2023-11-11,56.652,63.953,53.591,56.384,110892.42289016
2023-11-10,45.316,57.502,45.072,56.691,127115.31234079
2023-11-09,43.128,48.836,41.791,45.272,147332.24143192
2023-11-08,42.966,43.901,42.279,43.128,48662.3003353
2023-11-07,42.153,44.82,40.172,42.976,73950.69981603
2023-11-06,41.206,42.23,39.738,42.184,49058.83480756
2023-11-05,42.476,42.89,40.162,41.208,37930.11781667
2023-11-04,39.487,42.734,39.05,42.476,64369.69967669
2023-11-03,40.158,40.227,38.033,39.529,98784.1701184
2023-11-02,41.173,44.569,38.708,40.237,123093.88874154
2023-11-01,38.433,46.776,37.863,41.152,129561.83433069
2023-10-31,34.978,38.65,34.854,38.435,69473.35547827
2023-10-30,32.915,35.352,32.36,34.954,70755.53901558
2023-10-29,31.652,33.208,31.314,32.834,33225.27281585
2023-10-28,31.733,32.561,31.388,31.647,14384.52631972
2023-10-27,32.808,33.372,31.25,31.744,38271.48868432
2023-10-26,32.48,33.281,30.721,32.811,41512.73995181
2023-10-25,30.2,33.92,30.058,32.472,80121.47168176
2023-10-24,31.938,32.608,29.553,30.2,62176.65151486
2023-10-23,29.066,32.819,28.782,31.931,157797.5255201
2023-10-22,29.293,30.021,28.099,29.069,35599.00538805
2023-10-21,27.088,30.35,26.668,29.379,71442.02660708
2023-10-20,25.023,27.553,24.77,27.052,73080.92787903
2023-10-19,23.399,25.785,23.145,24.969,43359.59298977
2023-10-18,23.933,24.424,23.374,23.428,5384.51909712
2023-10-17,24.001,24.563,23.467,23.945,26751.66770292
2023-10-16,21.94,24.898,21.915,23.991,49938.46880246
2023-10-15,22.009,22.219,21.686,21.933,37844.98605838
2023-10-14,21.864,22.328,21.811,22.025,22045.70475851
2023-10-13,21.304,22.236,21.15,21.864,18781.1807434
2023-10-12,22.02,22.03,20.965,21.33,16825.38123852
2023-10-11,22.166,22.417,21.639,22.028,8709.33036575
2023-10-10,22.092,22.492,21.711,22.127,16193.44256448
2023-10-09,23.223,23.377,21.637,22.15,25961.12826754
2023-10-08,23.295,23.636,23.062,23.247,4852.61348789
2023-10-07,23.443,24.226,23.1,23.31,10775.89633961
2023-10-06,22.745,23.769,22.701,23.427,9608.49686044
2023-10-05,23.132,23.76,22.524,22.697,9854.63149165
2023-10-04,23.625,23.835,22.596,23.15,24989.56163269
2023-10-03,23.46,24.808,23.19,23.616,25009.95755787
2023-10-02,23.972,24.798,22.953,23.406,40514.93102693
2023-10-01,21.339,24.506,21.177,23.901,51127.29902001
2023-09-30,20.304,21.827,20.09,21.38,40283.29124139
2023-09-29,19.983,20.463,19.88,20.295,10042.63588728
2023-09-28,19.141,20.005,19.121,19.974,9530.74132732
2023-09-27,19.081,19.499,18.745,19.151,10070.65349535
2023-09-26,19.404,19.544,18.852,19.046,10721.22846175
2023-09-25,19.372,19.794,19.18,19.424,9454.41212412
2023-09-24,19.516,19.701,19.215,19.376,7764.94292374
2023-09-23,19.441,19.593,19.302,19.506,10011.39197087
2023-09-22,19.469,19.785,19.197,19.45,5995.41621375
2023-09-21,20.261,20.263,19.316,19.479,6215.84698877
2023-09-20,20.123,20.534,19.819,20.311,8595.85232206
2023-09-19,19.66,20.422,19.592,20.05,32843.38501545
2023-09-18,18.81,20.15,18.617,19.684,14996.77156864
2023-09-17,19.065,19.123,18.651,18.849,5260.66393474
2023-09-16,19.18,19.473,18.896,19.135,4831.30458492
2023-09-15,18.867,19.523,18.577,19.154,12988.63490422
2023-09-14,18.435,19.348,18.435,18.862,17110.27063805
2023-09-13,17.954,18.611,17.724,18.408,48843.74561167
2023-09-12,17.741,18.806,17.577,17.922,37984.069120449996
2023-09-11,18.29,18.474,17.366,17.75,30907.15623007
2023-09-10,19.404,19.425,17.802,18.231,30381.84451683
2023-09-09,19.596,19.617,19.391,19.44,3224.55602155
2023-09-08,19.893,20.288,19.396,19.607,10966.49961002
2023-09-07,19.641,20.012,19.351,19.934,10386.8944899
2023-09-06,20.27,20.38,19.168,19.644,44610.83984511
2023-09-05,19.5,20.605,19.04,20.262,23826.988068
2023-09-04,19.599,20.02,19.18,19.519,7483.85864038
2023-09-03,19.499,19.675,19.247,19.59,1968.55873963
2023-09-02,19.336,19.717,19.131,19.461,7527.96535548
2023-09-01,19.802,19.936,19.037,19.354,25155.86707614
2023-08-31,20.835,21.07,19.448,19.744,14108.18940286
2023-08-30,21.859,22.004,20.612,20.835,26196.99770271
2023-08-29,20.6,22.059,20.138,21.814,38556.7338575
2023-08-28,20.773,20.81,20.07,20.577,14786.24385634
2023-08-27,20.283,20.934,20.264,20.815,3157.7795283
2023-08-26,20.332,20.468,20.21,20.28,2484.04127467
2023-08-25,21.047,21.062,20.105,20.4,23861.92858976
2023-08-24,21.763,22.038,20.695,21.076,11928.40259613
2023-08-23,20.56,21.844,20.399,21.763,21596.65841825
2023-08-22,21.228,21.28,19.366,20.588,38689.5384876
2023-08-21,21.748,21.794,20.32,21.212,17025.61364733
2023-08-20,21.901,22.055,21.58,21.793,4024.24663468
2023-08-19,21.315,22.178,21.315,21.885,8201.92425929
2023-08-18,21.635,22.2,20.88,21.356,51904.01372188
2023-08-17,22.74,23.437,19.861,21.651,84837.11426321
2023-08-16,23.931,24.005,22.373,22.824,51619.48284584
2023-08-15,25.244,25.387,23.739,23.922,32750.54880879
2023-08-14,24.233,25.289,24.064,25.162,41135.462297
2023-08-13,24.863,24.958,24.231,24.235,11022.92886584
2023-08-12,24.631,25.256,24.405,24.938,14383.76997512
2023-08-11,24.706,24.933,24.339,24.613,9867.21427045
2023-08-10,24.428,24.907,24.145,24.6,28658.66616348
2023-08-09,24.242,25.019,24.113,24.413,18755.32717811
2023-08-08,23.146,24.78,23.035,24.25,56387.12393335
2023-08-07,23.211,23.642,22.365,23.14,13477.17197079
2023-08-06,22.638,23.513,22.581,23.218,24156.48073333
2023-08-05,22.745,22.958,22.234,22.639,10843.59561957
2023-08-04,22.646,23.569,22.48,22.818,10619.50767533
2023-08-03,23.122,23.406,22.492,22.653,20939.77052614
2023-08-02,24.13,24.26,22.85,23.163,21562.25889289
2023-08-01,23.746,24.07,22.85,24.042,38430.03642819
2023-07-31,24.236,24.81,23.542,23.728,24325.82704042
2023-07-30,25.219,25.239,23.556,24.279,28735.5770613
2023-07-29,24.806,25.433,24.767,25.219,10169.57007698
2023-07-28,25.076,25.572,24.566,24.83,21088.7907679
2023-07-27,25.204,25.66,24.704,25.114,26190.87012623
2023-07-26,23.33,25.7,23.215,25.204,63438.80870834
2023-07-25,23.36,23.645,22.81,23.324,28961.58236426
2023-07-24,24.727,24.85,22.932,23.372,34501.29135917
2023-07-23,24.525,25.27,24.168,24.806,10304.87323426
2023-07-22,25.556,26.01,24.155,24.555,25133.39480572
2023-07-21,25.335,26.018,25.095,25.515,14242.18622477
2023-07-20,26.362,27.374,25.076,25.36,31519.9131832
2023-07-19,25.535,27.0,25.391,26.407,23056.44072953
2023-07-18,26.905,27.114,24.782,25.614,31324.57362953
2023-07-17,27.444,28.512,25.635,26.935,47615.64005195
2023-07-16,27.548,28.658,26.54,27.415,56830.97151773
2023-07-15,26.71,29.125,26.502,27.3,70203.9496294
2023-07-14,26.044,32.5,25.292,26.704,191731.70540361
2023-07-13,21.964,26.8,21.483,26.018,150363.20387469
2023-07-12,22.091,22.921,21.765,21.962,55170.25824153
2023-07-11,21.365,22.382,21.222,22.091,39523.63741758
2023-07-10,21.32,21.812,20.51,21.346,74242.3899319
2023-07-09,21.868,22.441,21.02,21.341,47337.01775256
2023-07-08,21.522,22.478,21.33,21.848,61792.67031648
2023-07-07,19.608,21.78,19.295,21.515,99671.81705147
2023-07-06,19.001,20.988,18.845,19.685,95366.11427628
2023-07-05,19.183,19.383,18.368,19.001,20687.26368248
2023-07-04,19.302,19.947,19.095,19.148,18834.95998276
2023-07-03,19.493,19.67,18.883,19.281,11979.75932772
2023-07-02,18.728,19.775,18.541,19.496,29147.39430848
2023-07-01,18.876,19.025,17.926,18.748,19838.6881468
2023-06-30,17.999,20.026,17.113,18.866,92797.26952826
2023-06-29,15.963,18.28,15.875,17.961,59030.26967449
2023-06-28,16.594,16.647,15.614,15.975,63360.15786634
2023-06-27,16.283,16.926,16.148,16.638,16901.99997223
2023-06-26,16.897,17.112,15.911,16.307,19790.07788927
2023-06-25,16.651,17.378,16.586,16.973,10575.22501368
2023-06-24,17.12,17.572,16.39,16.683,22715.40658029
2023-06-23,16.646,17.539,16.184,17.169,43411.45070521
2023-06-22,17.242,17.75,16.58,16.665,23304.45858244
2023-06-21,16.657,17.389,16.578,17.243,58254.70717185
2023-06-20,16.082,16.693,15.72,16.657,23803.40988343
2023-06-19,15.504,16.17,15.354,16.112,18729.60805694
2023-06-18,15.632,15.854,15.288,15.434,16073.10952168
2023-06-17,15.328,16.133,15.175,15.652,17137.29550167
2023-06-16,14.695,15.474,14.381,15.334,18347.15199578
2023-06-15,14.451,15.088,14.18,14.762,33488.5262086
2023-06-14,15.046,15.378,14.062,14.488,43298.67587333
2023-06-13,15.191,16.049,14.773,15.021,39877.67434543
2023-06-12,15.557,15.676,14.73,15.207,46106.1337436
2023-06-11,15.615,16.204,15.13,15.569,58231.37167367
2023-06-10,17.373,17.414,13.027,15.643,352867.77460391
2023-06-09,18.896,19.376,17.121,17.382,40284.337494
2023-06-08,18.611,19.116,18.253,18.952,14993.70905234
2023-06-07,20.344,20.518,18.54,18.652,39806.90644046
2023-06-06,19.989,20.713,19.24,20.382,48017.25974862
2023-06-05,21.843,22.055,19.22,20.0,53115.71605306
2023-06-04,21.192,22.303,21.041,21.83,34169.65465697
2023-06-03,21.276,21.369,20.957,21.202,4730.62500576
2023-06-02,20.493,21.38,20.31,21.259,11198.36834765
2023-06-01,20.817,21.008,20.427,20.51,11572.59640164
2023-05-31,21.292,21.345,20.39,20.827,13826.04487195
2023-05-30,20.609,21.439,20.5,21.285,30485.56193477
2023-05-29,20.852,20.995,20.28,20.612,10843.83502409
2023-05-28,20.401,21.217,20.32,20.813,21987.47493987
2023-05-27,19.367,20.546,19.349,20.443,10421.76148893
2023-05-26,19.267,19.563,19.11,19.38,7969.95516561
2023-05-25,19.275,19.613,18.809,19.279,26688.1864564
2023-05-24,20.034,20.079,18.702,19.217,23583.07110666
2023-05-23,19.53,20.206,19.446,20.063,11325.67945907
2023-05-22,19.65,20.039,19.307,19.55,18747.97590763
2023-05-21,20.292,20.39,19.367,19.602,17415.63496042
2023-05-20,20.34,20.362,20.107,20.291,6990.45504386
2023-05-19,20.356,20.625,20.237,20.37,3559.83986391
2023-05-18,21.1,21.1,20.13,20.341,23078.66662154
2023-05-17,20.689,21.223,20.442,21.069,13053.82351907
2023-05-16,20.998,21.139,20.464,20.701,16345.80468192
2023-05-15,20.952,21.524,20.603,21.009,20394.796059
2023-05-14,20.849,21.284,20.635,20.969,12596.08952861
2023-05-13,20.97,21.301,20.796,20.861,12493.78863198
2023-05-12,20.185,20.97,19.816,20.928,26737.82409764
2023-05-11,20.957,20.957,19.738,20.206,52837.87904054
2023-05-10,20.653,21.337,19.877,20.934,38468.18212526
2023-05-09,20.657,21.018,20.44,20.694,28005.9711199
2023-05-08,21.681,21.851,20.011,20.69,81093.94034543
2023-05-07,21.958,22.819,21.683,21.713,21842.65305628
2023-05-06,22.876,23.26,21.573,21.98,31323.67102862
2023-05-05,21.742,23.071,21.579,22.825,39375.90035677
2023-05-04,22.263,22.498,21.629,21.738,20298.09733127
2023-05-03,22.258,22.311,21.267,22.22,37141.04111856
2023-05-02,21.929,22.392,21.76,22.259,23338.80886734
2023-05-01,22.765,22.897,21.57,21.996,42577.52316218
2023-04-30,23.208,24.002,22.693,22.693,27825.14026656
2023-04-29,23.373,23.901,22.913,23.21,33930.73768466
2023-04-28,22.361,23.529,22.181,23.364,62260.91154307
2023-04-27,21.282,22.497,21.202,22.327,54386.9303621
2023-04-26,21.953,22.967,20.37,21.279,68144.73852514
2023-04-25,21.396,21.987,20.736,21.921,38885.24288893
2023-04-24,21.489,22.022,21.009,21.408,34846.17434141
2023-04-23,21.791,22.266,20.922,21.483,34479.53401009
2023-04-22,21.26,22.005,21.084,21.813,25551.41173559
2023-04-21,22.201,22.403,20.928,21.286,59700.72080794
2023-04-20,22.675,23.188,21.613,22.191,63273.93090457
2023-04-19,24.778,24.982,21.452,22.713,118254.12435459
2023-04-18,24.559,25.458,24.002,24.814,60207.92244755
2023-04-17,25.347,25.986,24.334,24.576,70675.20002858
2023-04-16,24.021,25.471,23.822,25.337,42540.74724898
2023-04-15,24.706,24.792,23.805,24.054,24512.31881667
2023-04-14,24.434,25.488,23.75,24.715,80266.44917525
2023-04-13,23.83,25.278,23.65,24.431,39354.19092212
2023-04-12,23.002,24.48,22.327,23.768,85351.87380785
2023-04-11,20.873,23.673,20.828,22.975,82264.50888591
2023-04-10,20.255,20.933,20.073,20.868,12141.4169
2023-04-09,20.005,20.43,19.845,20.289,8208.45668314
2023-04-08,20.43,20.735,19.818,20.019,9656.9729648
2023-04-07,20.6,20.754,20.21,20.473,9933.35606702
2023-04-06,20.96,20.986,20.452,20.579,10333.06986012
2023-04-05,20.936,21.339,20.579,20.957,17834.01298159
2023-04-04,20.463,21.247,20.297,20.911,17018.17466572
2023-04-03,20.49,20.99,19.96,20.441,25868.63353011
2023-04-02,21.087,21.317,20.202,20.519,21848.57070068
2023-04-01,21.188,21.327,20.739,21.066,13342.87552785
2023-03-31,20.559,21.48,20.02,21.169,29458.36023876
2023-03-30,21.129,21.665,20.159,20.538,65319.19186675
2023-03-29,20.464,21.556,20.453,21.1,18752.24360845
2023-03-28,19.887,20.88,19.6,20.449,21586.97396702
2023-03-27,20.954,20.986,19.311,19.911,33154.51984812
2023-03-26,20.394,21.152,20.296,20.943,10555.88182948
2023-03-25,20.642,20.977,20.089,20.427,18928.76715162
2023-03-24,22.185,22.271,20.289,20.657,70455.0715935
2023-03-23,21.397,22.742,21.079,22.21,41336.52863038
2023-03-22,22.536,23.096,20.943,21.418,50082.99686251
2023-03-21,22.139,23.306,21.522,22.585,47640.56984334
2023-03-20,21.873,23.9,21.33,22.137,90551.65076294
2023-03-19,21.219,22.4,21.219,21.86,47765.54478281
2023-03-18,21.597,22.946,21.06,21.218,89660.12590027
2023-03-17,19.703,21.655,19.47,21.612,64513.36759025
2023-03-16,19.277,19.935,18.918,19.721,51801.95930296
2023-03-15,20.909,21.492,18.788,19.275,102917.31014472
2023-03-14,20.473,22.187,19.812,20.916,106991.47520683
2023-03-13,20.328,21.479,18.888,20.462,96883.30760936
2023-03-12,18.139,20.59,17.766,20.214,75473.78116903
2023-03-11,18.172,18.988,17.011,18.127,111117.36815244
2023-03-10,17.339,18.39,16.012,18.23,111178.77189017
2023-03-09,18.45,18.778,16.722,17.332,80881.59481172
2023-03-08,20.272,20.388,18.121,18.427,48865.81810992
2023-03-07,20.63,20.972,19.708,20.251,21930.44577698
2023-03-06,20.943,21.179,20.46,20.631,11289.56421272
2023-03-05,20.969,21.67,20.842,20.972,6493.46150972
2023-03-04,21.397,21.628,20.195,20.976,44327.80820433
2023-03-03,22.01,22.022,20.319,21.414,22870.74168201
2023-03-02,22.507,22.657,21.66,21.987,10731.75388475
2023-03-01,21.913,22.909,21.652,22.542,20826.37071368
2023-02-28,22.684,22.757,21.784,21.885,18881.6556493
2023-02-27,23.254,23.419,22.323,22.681,29770.73413159
2023-02-26,22.364,23.527,22.24,23.257,20864.89173531
2023-02-25,23.089,23.331,21.444,22.416,40086.48496828
2023-02-24,23.881,24.144,22.466,23.085,46245.27043505
2023-02-23,24.176,24.665,23.629,23.926,14296.80454974
2023-02-22,24.96,25.243,23.245,24.15,104731.40168368
2023-02-21,26.266,26.624,24.55,24.997,78876.02748979
2023-02-20,24.834,27.123,24.121,26.219,75967.12182538
2023-02-19,23.458,25.614,23.201,24.877,69623.77459424
2023-02-18,23.173,23.935,22.924,23.469,13416.71368383
2023-02-17,22.259,23.546,22.056,23.164,27048.24140435
2023-02-16,23.891,24.149,22.211,22.307,46300.37970767
2023-02-15,21.878,23.969,21.464,23.87,60786.11877718
2023-02-14,20.768,22.396,20.672,21.838,44586.02871681
2023-02-13,21.456,21.591,19.761,20.736,40282.12315065
2023-02-12,20.831,22.537,20.627,21.51,38576.23790235
2023-02-11,20.111,20.911,20.111,20.829,9134.31852268
2023-02-10,20.45,21.173,19.699,20.11,27643.62645079
2023-02-09,23.24,23.32,20.0,20.468,67129.26505311
2023-02-08,23.885,24.231,22.823,23.173,21079.13474045
2023-02-07,22.635,23.953,22.545,23.84,31668.19523405
2023-02-06,23.501,23.722,22.509,22.649,33451.92846942
2023-02-05,24.292,24.467,23.02,23.473,51963.93272664
2023-02-04,24.654,24.929,24.194,24.329,19669.6280236
2023-02-03,24.329,25.075,24.011,24.685,39497.56256009
2023-02-02,25.042,26.119,24.002,24.298,60271.8768658
2023-02-01,23.935,25.206,22.489,24.979,72041.66531846
2023-01-31,23.959,24.465,23.516,23.961,49804.95829842
2023-01-30,26.052,26.315,23.047,23.968,64982.51046622
2023-01-29,23.947,26.805,23.728,26.014,57685.15891952
2023-01-28,24.402,25.202,23.69,23.991,21221.82989466
2023-01-27,24.318,24.949,23.301,24.427,27797.20214022
2023-01-26,24.607,25.229,23.753,24.351,52559.93563534
2023-01-25,22.788,25.405,22.233,24.501,87812.60924203
2023-01-24,24.329,25.239,22.342,22.753,89923.09192748
2023-01-23,24.224,24.943,23.741,24.324,79977.8546385
2023-01-22,24.565,25.428,23.511,24.209,96471.34454837
2023-01-21,25.486,26.534,24.4,24.542,159090.26084191
2023-01-20,21.359,25.809,20.95,25.574,180697.71075727
2023-01-19,20.82,21.86,20.463,21.404,65574.01432919
2023-01-18,22.879,23.65,20.341,20.844,266660.47715831
2023-01-17,23.525,23.945,22.771,22.894,177770.79771018
2023-01-16,22.9,25.024,22.214,23.591,258960.15239951
2023-01-15,24.15,25.042,21.99,22.924,262330.0895071
2023-01-14,18.275,24.765,18.223,24.275,658115.14683575
2023-01-13,16.58,18.635,16.324,18.299,194111.03238648
2023-01-12,16.377,16.99,15.567,16.603,168540.51522065
2023-01-11,16.174,16.604,15.31,16.379,196446.56866353
2023-01-10,16.319,16.732,15.595,16.2,179724.20268784
2023-01-09,14.462,17.457,14.304,16.266,661451.40941087
2023-01-08,13.1,14.95,12.869,14.47,154495.46425439
2023-01-07,13.496,13.496,13.028,13.098,22848.71147093
2023-01-06,13.435,13.595,12.713,13.54,106628.59159769
2023-01-05,13.445,13.878,12.971,13.444,127285.94213955
2023-01-04,13.372,14.48,12.853,13.445,583196.23871305
2023-01-03,11.304,14.164,11.034,13.382,485617.29373528
2023-01-02,9.995,12.066,9.8291,11.306,299705.1242832
2023-01-01,9.9938,10.087,9.7049,10.016,60154.1643877
2022-12-31,9.916,10.238,9.6719,9.9764,127241.49214066
2022-12-30,9.6443,10.256,9.0146,9.9162,443710.21338488
2022-12-29,9.77,10.981,7.9201,9.6512,450100.03824983
2022-12-28,11.111,11.111,9.41,9.7586,386557.19387879
2022-12-27,11.369,11.442,10.716,11.095,94483.76764934
2022-12-26,11.399,11.508,11.071,11.333,47085.61598146
2022-12-25,11.456,11.559,11.248,11.389,24254.909062400002
2022-12-24,11.796,11.808,11.124,11.456,87108.65461552
2022-12-23,11.833,12.124,11.75,11.796,30705.03495048
2022-12-22,12.138,12.192,11.684,11.833,46718.90137906
2022-12-21,12.261,12.29,11.911,12.157,27314.23515473
2022-12-20,11.939,12.488,11.847,12.27,30818.64950005
2022-12-19,12.398,12.587,11.681,11.945,45682.467963869996
2022-12-18,12.531,12.614,12.271,12.368,26768.0551073
2022-12-17,12.245,12.553,11.928,12.52,40223.42347579
2022-12-16,14.062,14.169,12.016,12.248,131927.17849424
2022-12-15,14.123,14.535,13.886,14.068,104310.02288531
2022-12-14,13.897,14.952,13.822,14.129,113906.66466103
2022-12-13,13.339,14.246,12.774,13.909,70947.69726852
2022-12-12,13.412,13.51,12.826,13.324,52583.39836891
2022-12-11,13.562,13.81,13.391,13.428,22257.87755541
2022-12-10,13.576,13.737,13.547,13.575,6105.8226354
2022-12-09,13.715,14.042,13.521,13.598,37083.49517304
2022-12-08,13.488,13.784,13.273,13.694,63653.96173062
2022-12-07,14.326,14.345,13.43,13.5,35356.795011789996
2022-12-06,13.837,14.377,13.833,14.299,62025.94812823
2022-12-05,13.701,14.172,13.606,13.824,76670.78299151
2022-12-04,13.29,13.768,13.282,13.713,19367.45881521
2022-12-03,13.726,13.76,13.208,13.309,30832.03938745
2022-12-02,13.484,13.817,13.311,13.709,49905.3992161
2022-12-01,14.177,14.205,13.398,13.504,66157.51933575
2022-11-30,13.352,14.335,13.229,14.183,110011.40857299
2022-11-29,13.33,13.974,13.144,13.333,66752.47657858
2022-11-28,14.115,14.158,12.775,13.348,206099.97526362
2022-11-27,14.179,14.454,14.051,14.138,40985.79080855
2022-11-26,14.019,14.975,13.972,14.165,62617.03456937
2022-11-25,14.61,14.613,13.898,14.019,50495.99956893
2022-11-24,14.367,14.949,13.842,14.607,201550.79295339
2022-11-23,12.462,14.66,12.403,14.358,584072.28117518
2022-11-22,11.833,12.52,10.942,12.439,274087.44963615
2022-11-21,12.263,12.294,11.274,11.852,134039.04390473
2022-11-20,12.834,13.632,12.117,12.262,152576.52946453
2022-11-19,13.266,13.266,12.586,12.824,68923.23013824
2022-11-18,13.649,13.871,12.991,13.262,58772.23120588
2022-11-17,14.259,14.492,12.87,13.626,261177.72840613
2022-11-16,14.293,14.605,13.626,14.258,141837.78125887
2022-11-15,13.999,15.1,13.872,14.303,181366.19420937
2022-11-14,13.219,15.085,12.117,14.03,241011.38643715
2022-11-13,14.565,14.758,13.146,13.185,151586.94586752
2022-11-12,16.504,16.579,14.471,14.571,101421.6306079
2022-11-11,17.567,18.292,15.037,16.499,143907.95496078
2022-11-10,13.979,18.788,12.406,17.63,368332.86055188
2022-11-09,24.248,24.249,11.57,13.983,557784.1844776
2022-11-08,29.656,31.752,19.405,24.159,505576.54493103
2022-11-07,32.654,33.162,28.1,29.647,167927.48824165
2022-11-06,36.911,37.109,32.322,32.676,141282.21216463
2022-11-05,33.781,38.822,33.693,36.803,168125.90385244
2022-11-04,30.889,34.241,30.708,33.797,50231.33841928
2022-11-03,30.83,32.248,30.632,30.894,44667.21140561
2022-11-02,32.249,32.953,30.258,30.809,81572.74605401
2022-11-01,32.582,33.409,32.15,32.25,17754.06563971
2022-10-31,33.025,34.419,32.218,32.582,44061.01545492
2022-10-30,32.907,33.578,31.956,32.977,39361.05696455
2022-10-29,32.106,33.905,31.898,32.903,51344.20450865
2022-10-28,30.575,32.641,30.136,32.081,40103.14015337
2022-10-27,31.317,32.398,30.5,30.594,90773.60065351
2022-10-26,30.899,32.164,30.673,31.314,58368.79872584
2022-10-25,28.346,32.346,28.068,30.897,73030.05165941
2022-10-24,29.363,29.524,28.185,28.32,45662.906
2022-10-23,28.051,29.473,27.741,29.3,31584.07487624
2022-10-22,28.12,28.254,27.494,28.03,24242.50177315
2022-10-21,28.039,28.3,26.857,28.11,39298.41266059
2022-10-20,28.873,29.478,28.001,28.016,43275.87312612
2022-10-19,30.171,30.26,28.629,28.87,29859.44435196
2022-10-18,31.219,31.49,29.729,30.133,21513.14184612
2022-10-17,30.163,31.309,29.868,31.22,14921.09415045
2022-10-16,29.609,30.551,29.609,30.191,17555.66240726
2022-10-15,30.013,30.209,29.408,29.58,12243.27872352
2022-10-14,30.499,32.0,29.615,30.013,25910.4081492
2022-10-13,31.145,31.19,27.881,30.49,77585.62516908
2022-10-12,30.799,31.418,30.7,31.18,11201.53126116
2022-10-11,31.954,31.954,30.41,30.804,20736.523546290002
2022-10-10,32.936,33.46,31.86,31.946,12268.32169116
2022-10-09,32.571,33.136,32.456,32.919,5315.47502484
2022-10-08,32.998,33.07,32.371,32.589,4349.76378376
2022-10-07,33.346,33.768,32.423,32.998,52367.707620350004
2022-10-06,34.026,34.481,33.242,33.36,16504.57347041
2022-10-05,34.117,34.362,33.19,34.029,20027.76771546
2022-10-04,32.893,34.385,32.855,34.13,26980.84182791
2022-10-03,32.089,33.24,31.721,32.89,25236.23535366
2022-10-02,32.434,33.023,31.895,32.073,17300.44451298
2022-10-01,33.251,33.251,32.332,32.431,9415.54309283
2022-09-30,33.954,35.211,32.631,33.248,82515.86415958
2022-09-29,33.255,34.4,32.622,33.938,27438.149628440002
2022-09-28,32.697,33.805,31.657,33.24,22168.02151845
2022-09-27,33.919,35.47,32.097,32.71,36914.90730343
2022-09-26,32.336,33.972,31.88,33.892,18061.14282875
2022-09-25,33.409,34.06,31.909,32.298,13991.70562335
2022-09-24,33.695,34.82,33.142,33.409,32242.86133107
2022-09-23,32.422,33.975,31.242,33.69,17821.87323073
2022-09-22,30.669,32.846,30.603,32.426,9966.48587492
2022-09-21,31.442,33.472,30.021,30.722,55054.77397946
2022-09-20,32.635,32.91,31.314,31.421,14950.0681137
2022-09-19,31.124,33.108,30.461,32.648,37520.71261831
2022-09-18,33.693,34.0,30.79,31.111,34303.81384767
2022-09-17,32.267,33.9,32.251,33.72,18997.52855834
2022-09-16,33.111,33.274,31.482,32.263,24265.49780566
2022-09-15,34.075,34.878,32.467,33.095,40221.2244744
2022-09-14,32.98,34.338,32.716,34.129,14056.65941907
2022-09-13,37.451,38.949,32.949,32.997,62110.45472332
2022-09-12,34.981,38.409,34.429,37.469,43961.71820391
2022-09-11,35.043,35.99,34.032,34.987,12775.81130507
2022-09-10,34.71,35.415,34.282,35.03,21841.66574054
2022-09-09,33.65,35.942,33.636,34.73,39217.49240881
2022-09-08,32.702,34.0,31.991,33.616,46748.37953522
2022-09-07,30.88,32.988,30.275,32.678,53787.07697775
2022-09-06,32.178,33.898,30.429,30.88,44388.25787243
2022-09-05,32.182,32.505,31.159,32.176,9169.22931902
2022-09-04,31.13,32.2,31.014,32.115,22988.03615263
2022-09-03,31.22,31.278,30.794,31.13,14648.94971349
2022-09-02,31.58,32.37,30.783,31.243,23810.89788973
2022-09-01,31.429,31.789,30.46,31.604,9835.25101208
2022-08-31,31.535,33.042,31.181,31.509,25266.78345526
2022-08-30,32.444,33.156,30.693,31.436,20243.1433498
2022-08-29,30.425,32.669,30.009,32.444,18522.91391964
2022-08-28,31.472,32.24,30.231,30.412,15422.33806125
2022-08-27,31.737,32.279,30.926,31.515,14627.95959015
2022-08-26,35.252,35.782,31.387,31.739,27330.56496962
2022-08-25,34.899,36.5,34.862,35.299,15197.72202518
2022-08-24,35.615,36.371,34.31,34.899,16319.41638154
2022-08-23,35.381,36.098,34.219,35.631,19336.03016314
2022-08-22,36.461,36.534,33.794,35.464,23438.79441821
2022-08-21,35.303,37.031,34.475,36.472,37526.10556024
2022-08-20,35.812,37.269,34.197,35.31,42475.39012554
2022-08-19,39.505,39.543,35.057,35.809,98659.96102195
2022-08-18,40.524,41.636,39.317,39.522,19693.27857658
2022-08-17,43.08,44.687,40.167,40.532,35795.956141740004
2022-08-16,43.73,44.3,42.543,43.15,22248.40876692
2022-08-15,44.823,47.246,42.771,43.737,34834.01052697
2022-08-14,46.594,48.073,44.39,44.798,36581.25498181
2022-08-13,45.471,48.431,45.262,46.528,45508.56721258
2022-08-12,42.842,45.5,42.135,45.428,30120.61841228
2022-08-11,42.467,45.295,42.371,42.745,75277.15556603001
2022-08-10,40.301,42.849,39.144,42.473,70233.6445971
2022-08-09,42.196,42.745,39.757,40.321,101864.85913571
2022-08-08,40.582,43.772,40.581,42.269,41636.78668798
2022-08-07,40.045,41.556,39.159,40.585,16999.72462205
2022-08-06,40.578,40.867,39.81,40.047,10782.30671634
2022-08-05,38.889,41.339,38.715,40.6,30474.27056593
2022-08-04,38.52,39.85,37.967,38.784,38432.26511233
2022-08-03,39.751,41.01,37.454,38.601,123775.02785671
2022-08-02,41.655,42.438,39.484,39.755,39681.5848338
2022-08-01,42.318,43.25,40.58,41.655,49434.33272298
2022-07-31,43.837,45.131,42.21,42.411,36150.11906902
2022-07-30,41.93,46.66,41.413,43.837,56024.27961849
2022-07-29,42.933,44.442,41.155,41.892,46586.46453474
2022-07-28,40.24,44.16,39.03,42.927,71492.91996565
2022-07-27,36.295,40.487,35.687,40.223,45977.12490288
2022-07-26,36.674,36.827,34.668,36.355,43278.04452169
2022-07-25,40.934,41.084,36.548,36.607,66608.77855254
2022-07-24,39.957,42.092,39.461,40.963,32706.43763338
2022-07-23,40.523,41.95,38.6,39.957,48262.27728865
2022-07-22,43.1,44.306,40.048,40.518,69410.45450023
2022-07-21,41.983,44.066,39.626,43.109,71892.15014606
2022-07-20,44.863,46.336,41.285,41.984,63810.42425994
2022-07-19,43.56,47.69,42.521,44.891,122245.82462839
2022-07-18,38.583,44.041,38.548,43.485,84635.83477239
2022-07-17,39.625,41.115,38.278,38.596,37526.95270964
2022-07-16,37.366,40.455,36.347,39.659,45183.20077462
2022-07-15,37.137,39.11,36.508,37.396,27520.1022089
2022-07-14,34.915,37.3,33.552,37.129,70552.02324452
2022-07-13,32.651,35.053,31.8,34.97,73923.38044155
2022-07-12,33.397,34.557,32.546,32.618,37422.51333493
2022-07-11,36.7,36.73,33.222,33.444,37871.66845101
2022-07-10,37.994,38.075,36.267,36.703,29067.01140296
2022-07-09,38.07,38.92,37.791,38.069,17808.07373728
2022-07-08,38.444,39.679,36.444,38.146,71437.40838809
2022-07-07,37.035,39.2,36.38,38.495,37506.93783811
2022-07-06,35.388,37.601,34.791,37.034,46491.71073191
2022-07-05,36.731,36.97,33.1,35.445,71342.75609853
2022-07-04,33.342,36.947,32.438,36.671,54496.38310962
2022-07-03,33.33,33.71,32.132,33.412,18489.93540997
2022-07-02,32.862,34.159,31.859,33.321,34849.03353409
2022-07-01,33.776,35.362,31.859,32.883,68605.87589172
2022-06-30,34.058,34.21,30.869,33.869,89772.92765098
2022-06-29,35.304,36.119,33.08,34.069,83640.4685637
2022-06-28,38.46,39.9,35.047,35.308,82044.84816199
2022-06-27,39.4,41.25,37.872,38.46,118486.33108388
2022-06-26,42.199,42.644,39.21,39.458,72275.42924752
2022-06-25,41.895,42.611,39.731,42.258,42220.83265499
2022-06-24,38.118,42.907,37.65,41.921,188181.48245502
2022-06-23,34.066,38.577,33.85,38.063,76554.60996167
2022-06-22,36.39,36.769,33.583,34.068,100327.71689447999
2022-06-21,35.233,39.19,34.21,36.289,105390.75960847
2022-06-20,34.15,36.83,31.722,35.233,203644.50805787
2022-06-19,31.994,35.39,28.695,34.204,148998.24827173
2022-06-18,30.618,32.04,27.129,32.009,233495.63149102
2022-06-17,30.099,32.149,29.264,30.629,114102.16405366
2022-06-16,34.757,36.0,29.562,29.998,150317.42574808
2022-06-15,29.592,34.96,26.766,34.756,153762.53446064
2022-06-14,28.656,32.222,25.82,29.558,182817.397551
2022-06-13,30.645,31.169,26.12,28.66,273029.97992345
2022-06-12,33.891,34.56,30.621,30.63,124982.21630087
2022-06-11,37.169,37.959,33.176,33.916,64454.16940042
2022-06-10,39.947,40.953,36.804,37.174,75169.03397168
2022-06-09,38.903,41.955,38.5,39.986,49654.36357742
2022-06-08,39.343,40.959,38.306,38.907,48994.75923228
2022-06-07,42.37,42.721,37.119,39.322,229298.43766172
2022-06-06,38.544,44.821,38.362,42.396,130170.55325694
2022-06-05,39.022,40.251,37.83,38.528,76212.84030666
2022-06-04,38.338,39.569,35.734,39.0,86164.2214645
2022-06-03,40.882,41.562,37.671,38.316,64051.96211798
2022-06-02,40.154,41.65,38.21,40.911,90128.54049499
2022-06-01,45.785,46.067,39.55,40.158,93342.04437459
2022-05-31,47.21,48.235,44.567,45.747,73684.02848572
2022-05-30,44.986,48.391,44.255,47.259,114986.27454703
2022-05-29,44.243,45.681,41.84,44.975,88727.82527983
2022-05-28,41.178,45.096,40.348,44.243,65755.13973371
2022-05-27,43.474,43.918,39.96,41.09,149978.55066047
2022-05-26,48.147,48.638,41.636,43.38,152192.49252375
2022-05-25,49.53,50.552,47.543,47.969,22402.6251858
2022-05-24,49.119,50.834,47.053,49.649,35253.81251775
2022-05-23,52.416,54.629,48.592,49.07,109719.05148589
2022-05-22,50.339,53.138,49.674,52.473,68377.00126305
2022-05-21,49.504,51.245,48.381,50.32,36821.368161
2022-05-20,52.164,53.614,47.775,49.419,67169.46738686
2022-05-19,49.902,54.276,48.123,52.162,68915.218911
2022-05-18,57.034,57.83,49.32,49.825,81056.89243167
2022-05-17,53.83,58.178,52.974,57.053,52768.61381189
2022-05-16,58.751,58.751,51.851,53.767,115322.95498409
2022-05-15,52.468,59.279,49.677,58.804,141623.28760601
2022-05-14,48.988,53.843,45.882,52.471,77950.60984747
2022-05-13,44.689,56.449,43.931,48.961,124815.26378993
2022-05-12,50.968,54.412,37.049,44.643,598448.24339944
2022-05-11,66.98,68.578,43.333,50.998,372363.47122273
2022-05-10,62.522,74.035,60.211,66.769,106949.75180351
2022-05-09,75.563,77.315,61.641,62.318,104382.93525522
2022-05-08,78.904,79.465,73.792,75.587,26309.06877419
2022-05-07,81.722,82.323,77.163,78.853,15181.63249796
2022-05-06,84.579,84.74,80.001,81.666,14511.6016219
2022-05-05,92.79,95.257,81.368,84.496,46472.30827886
2022-05-04,85.941,93.0,85.453,92.83,22615.87661063
2022-05-03,87.506,88.817,84.66,85.914,12543.0552407
2022-05-02,89.804,90.954,85.16,87.542,23642.2192113
2022-05-01,84.676,93.239,84.129,89.704,69095.90054915
2022-04-30,94.035,94.988,82.0,84.748,39335.01884664
2022-04-29,98.281,98.684,92.421,93.96,15607.53240601
2022-04-28,98.359,100.57,96.493,98.223,14142.25609761
2022-04-27,95.716,100.83,94.931,98.351,16860.12301087
2022-04-26,101.15,102.07,94.63,95.794,18951.05807113
2022-04-25,99.492,101.62,94.418,101.02,33493.89218529
2022-04-24,100.69,102.23,98.577,99.317,10639.55317316
2022-04-23,100.57,102.98,98.083,100.55,17162.30167519
2022-04-22,101.86,103.57,99.38,100.51,18320.24845534
2022-04-21,105.57,109.97,100.0,101.82,35491.28148255
2022-04-20,108.6,110.94,104.35,105.61,34259.75169688
2022-04-19,102.43,108.88,101.08,108.85,27834.72940919
2022-04-18,100.17,102.62,94.71,102.41,35772.18501586
2022-04-17,102.15,105.51,99.757,100.4,22935.56392704
2022-04-16,101.45,103.54,100.8,102.19,12735.82332931
2022-04-15,100.75,102.92,99.551,101.42,20830.92465389
2022-04-14,104.71,107.68,98.862,100.76,30178.88593014
2022-04-13,103.34,106.05,100.17,104.84,29467.281319319998
2022-04-12,99.71,109.31,98.486,103.27,56259.60812272
2022-04-11,111.12,111.95,98.165,99.369,58558.54324003
2022-04-10,113.16,116.17,109.89,111.21,28982.73495664
2022-04-09,109.93,113.52,108.44,112.83,17363.72937411
2022-04-08,118.48,122.36,108.17,110.07,45520.23387562
2022-04-07,112.94,119.95,111.01,118.58,46867.69181686
2022-04-06,126.85,127.4,112.24,113.13,107177.15050404
2022-04-05,132.18,136.68,126.1,126.8,37449.30650679
2022-04-04,136.86,138.31,126.0,132.11,59195.30136421
2022-04-03,132.56,141.07,130.72,136.69,89551.58542009
2022-04-02,134.61,143.5,131.48,132.46,55001.24436982
2022-04-01,122.85,139.41,117.69,134.65,144434.86499311
2022-03-31,120.8,129.49,119.91,122.86,91411.40841945
2022-03-30,111.52,125.56,107.13,120.24,95919.39084836
2022-03-29,105.78,115.65,105.57,111.7,76669.6033084
2022-03-28,107.03,113.82,105.19,105.59,63071.83312269
2022-03-27,101.81,107.38,98.779,106.99,40562.16728722
2022-03-26,98.61,103.45,97.718,101.88,28715.99806077
2022-03-25,102.33,104.82,97.159,98.544,40312.74318786
2022-03-24,94.9,103.74,93.441,102.35,55123.52301006
2022-03-23,90.365,96.26,89.22,94.9,31969.98956311
2022-03-22,88.652,93.916,88.023,90.447,50691.76939789
2022-03-21,88.658,91.248,86.767,88.67,18700.6461745
2022-03-20,92.413,92.491,87.903,88.659,18493.65186646
2022-03-19,89.791,94.558,89.302,92.366,21196.18459548
2022-03-18,87.847,92.257,84.5,89.864,36626.78332686
2022-03-17,87.869,91.021,86.641,87.914,34336.10041588
2022-03-16,82.9,88.007,81.615,87.881,46097.76658602
2022-03-15,81.318,85.97,78.772,82.908,30882.47281388
2022-03-14,78.66,82.269,77.974,81.358,21018.78960749
2022-03-13,81.29,83.309,77.704,78.869,20782.19524422
2022-03-12,80.73,82.7,80.615,81.464,11758.83956659
2022-03-11,82.92,84.281,80.054,80.704,44347.94772868
2022-03-10,88.071,88.62,80.809,82.861,53008.24966791
2022-03-09,82.228,89.896,82.006,88.17,55427.12810463
2022-03-08,81.845,85.04,81.331,82.371,50711.23587326
2022-03-07,84.656,86.716,80.0,81.686,69710.79817361
2022-03-06,89.55,89.994,84.116,84.521,24769.68413547
2022-03-05,88.36,91.23,85.996,89.613,25948.76047673
2022-03-04,95.65,95.978,87.016,88.139,80607.93195854
2022-03-03,100.77,101.8,94.186,95.48,49745.28463849
2022-03-02,98.691,106.42,96.822,100.68,107248.72922711
2022-03-01,99.775,102.1,94.3,98.603,72083.65242296
2022-02-28,85.603,102.78,84.241,99.707,102380.39889718
2022-02-27,90.36,92.273,84.142,85.585,61754.2736545
2022-02-26,92.886,95.245,89.289,90.31,47300.1518433
2022-02-25,89.745,95.134,86.986,92.814,88367.74572081
2022-02-24,84.65,93.734,75.621,89.499,201923.47324546
2022-02-23,86.5,93.507,84.453,84.587,101506.41844129
2022-02-22,83.119,87.518,81.16,86.489,68206.94003044
2022-02-21,90.77,96.215,82.855,83.007,110656.97971989
2022-02-20,91.394,93.984,85.573,90.792,61844.42508625
2022-02-19,89.911,92.801,88.718,91.348,28485.50874927
2022-02-18,93.621,96.421,89.45,90.059,49548.98484072
2022-02-17,101.88,102.82,92.371,93.716,50973.35103809
2022-02-16,105.66,105.71,98.362,101.8,51810.53346687
2022-02-15,96.61,105.79,96.534,105.72,75500.36078441
2022-02-14,92.969,97.922,90.834,96.415,45723.96612763
2022-02-13,95.97,97.432,91.445,92.929,40791.80067226
2022-02-12,96.588,99.84,92.822,96.047,58598.32362404
2022-02-11,106.27,108.2,95.238,96.608,58692.41702103
2022-02-10,114.14,115.01,105.74,106.19,75251.08390425
2022-02-09,113.74,117.2,109.5,114.16,43913.21801694
2022-02-08,117.65,120.36,109.73,113.39,71781.70164278
2022-02-07,115.59,122.03,112.89,117.54,97720.45657491
2022-02-06,114.14,116.19,111.55,115.41,56893.70660192
2022-02-05,112.7,118.63,110.38,113.94,99365.37012356
2022-02-04,101.88,112.95,100.42,112.61,173286.09062444
2022-02-03,101.93,103.15,94.151,101.98,137117.38085683
2022-02-02,110.14,112.4,97.092,101.86,219598.53389059
2022-02-01,99.579,113.58,99.133,110.12,235263.92943891
2022-01-31,93.332,101.42,89.311,99.535,135933.98902159
2022-01-30,96.198,97.666,91.472,93.4,54925.9910632
2022-01-29,91.415,98.872,90.63,96.234,118601.73967685
2022-01-28,89.638,93.645,87.301,91.5,146040.11765951
2022-01-27,92.166,94.719,85.799,89.694,184291.07956947
2022-01-26,94.75,104.38,89.353,92.117,225663.81372736
2022-01-25,92.056,99.95,87.573,94.689,144923.24911626
2022-01-24,99.937,99.937,80.868,92.022,426794.27058653
2022-01-23,94.65,104.77,93.324,99.998,169136.8722941
2022-01-22,112.38,114.12,87.891,94.642,408367.52984934
2022-01-21,127.51,128.79,106.31,112.33,272715.2432013
2022-01-20,135.51,144.0,126.12,127.65,58876.62551468
2022-01-19,141.37,142.73,132.82,135.36,40119.92589225
2022-01-18,140.0,142.69,134.39,141.2,37630.27750502
2022-01-17,148.19,148.27,137.14,139.85,35217.87420002
2022-01-16,147.7,151.99,146.16,147.92,42562.80407879
2022-01-15,146.37,149.57,144.04,147.69,33575.92072799
2022-01-14,146.15,150.61,142.08,146.23,45197.16196508
2022-01-13,151.49,157.79,145.55,145.97,79942.2293785
2022-01-12,140.2,153.3,138.25,151.43,86538.77309995
2022-01-11,135.89,143.46,133.63,140.34,36109.94588285
2022-01-10,140.8,143.84,130.01,135.9,75633.71101395
2022-01-09,142.14,145.7,137.93,140.7,102446.14698528
2022-01-08,136.41,148.0,133.06,142.12,187440.79940213
2022-01-07,150.27,150.72,133.05,136.38,205828.55713494
2022-01-06,154.48,154.71,146.23,150.24,110856.34102631
2022-01-05,168.02,171.29,145.01,154.3,102974.88847264
2022-01-04,170.16,173.88,166.44,167.87,43612.65309365
2022-01-03,176.37,176.37,166.71,169.99,31079.44075257
2022-01-02,179.19,179.49,174.42,176.51,24051.89320016
2022-01-01,170.03,179.14,170.03,179.08,23285.19298135
2021-12-31,172.55,177.69,167.61,170.03,44856.1950716
2021-12-30,170.54,175.74,168.24,172.58,42533.96193825
2021-12-29,177.29,180.64,170.02,170.68,85174.75546976
2021-12-28,195.55,195.76,176.27,177.14,184571.9048293
2021-12-27,198.24,204.75,194.76,195.69,82338.5263331
2021-12-26,193.13,200.52,190.32,197.94,77611.06621725
2021-12-25,190.49,195.3,189.34,193.27,81604.9378206
2021-12-24,190.24,197.62,184.15,190.28,160472.96194796
2021-12-23,178.38,193.55,175.84,190.07,64946.49931609
2021-12-22,179.75,187.57,177.15,178.47,55670.04214356
2021-12-21,174.08,182.65,170.32,179.84,51473.44303078
2021-12-20,180.04,181.31,168.56,173.83,51529.23396821
2021-12-19,182.98,189.7,178.32,180.34,36508.59289785
2021-12-18,175.99,184.3,171.08,182.84,70896.08957255
2021-12-17,176.95,182.49,168.4,175.28,111373.87824667
2021-12-16,178.81,189.04,174.66,176.99,89284.14580935
2021-12-15,161.48,182.72,156.79,178.57,150362.98549559
2021-12-14,154.93,163.39,149.76,161.31,72541.44457518
2021-12-13,172.9,172.9,148.28,155.16,114624.14607189
2021-12-12,172.24,176.93,167.87,172.9,25282.47462492
2021-12-11,167.5,173.76,161.56,172.18,76398.24921409
2021-12-10,181.69,184.89,167.14,167.61,97097.22075135
2021-12-09,194.79,196.79,178.92,181.35,53621.47792162
2021-12-08,190.31,196.29,183.65,194.76,57260.60670437
